date,title,link,content,company,image
2023-09-07 10:01:11,"삼성전자 공장 간 중기CEO들…""혁신 노하우 직접 체감""",https://n.news.naver.com/mnews/article/003/0012074978?sid=101,"[
삼성전자 광주캠퍼스 제조현장 투어 진행스마트공장 우수기업 사례발표, 강연 등



[서울=뉴시스] 삼성 스마트공장 사업을 지원 받은 쿠키아. 기사내용과 직접관련이 없습니다. (사진=뉴시스DB) photo@newsis.com *재판매 및 DB 금지[서울=뉴시스]이수정 기자 = 중소기업 대표들이 삼성전자의 제조현장을 직접 둘러보며 혁신 노하우를 직접 체감할 수 있는 기회가 마련됐다.중소기업중앙회(중기중앙회)는 중소벤처기업부(중기부), 삼성전자와 함께 올해 스마트공장 선정기업 CEO 등 300여명을 삼성전자 광주캠퍼스에 초청해 이같은 행사를 개최했다고 7일 밝혔다. 이번 행사는 삼성의 혁신 사례를 중소기업 대표들이 직접 보고 체험할 수 있는 제조현장 투어와 스마트공장 우수기업 사례발표, 삼성전자의 '성공적인 스마트공장 구축 가이드 강연' 등으로 진행됐다.행사에는 강기정 광주광역시장, 민형배 더불어민주당 의원, 조종래 광주전남지방중소기업청장, 임경준 중기중앙회 광주전남중소기업회장, 김완표 삼성글로벌리서치 사장 등이 참석했다.지난 1989년 설립된 삼성전자 광주캠퍼스는 냉장고·에어컨·세탁기 등 프리미엄 생활가전을 생산하고 있으며, 2019년 벤치마킹 행사 이후 코로나로 중단됐다가 지난해부터 중소기업 CEO들을 위해 공장을 다시 공개하고 있다.스마트공장 우수기업 사례발표에서는 ▲스마트공장 구축으로 베어링 설계·제조업종 특징인 다품종 소량생산의 한계를 극복한 '터보링크' ▲제철소 쇳물 뽑는 장비 제작 공정방식을 자동화해 연간 생산량이 180% 향상된 '베수비우스' ▲스마트공장을 통해 3세대 용접면을 개발하며 혁신을 주도하는 강소기업으로 성장한 '오토스윙'의 사례가 공유됐다. 이어진 삼성전자 광주캠퍼스 제조현장 투어에서는 중소기업 대표들이 냉장고, 에어컨, 금형, 인쇄회로기판조립, 콤프레셔 제품라인을 둘러보며 삼성전자의 인공지능(AI)을 접목한 시스템 운영, 자동화 설비, 물류 최적화 등 혁신 노하우를 직접 보고 체감할 수 있게끔 했다. 양찬회 중기중앙회 혁신성장본부장은 ""삼성과의 스마트공장 사업은 중기부, 중기중앙회, 삼성이 '원팀'으로 협업하는 대표적인 상생협력 모범사례로 중소기업의 만족도와 성과가 높다""며 ""올해부터 3년간 새롭게 사업이 시작되는 만큼 AI·그린전환 등 제조업 패러다임 변화에 중소기업이 대응할 수 있도록 중기부, 삼성과 함께 노력해 나가겠다""고 말했다. 김완표 삼성글로벌리서치 사장은 ""삼성은 '지능형 공장'으로의 생산현장 고도화, ESG 지원, 지자체 연계 등 다양한 사업을 통해 스마트공장 생태계가 보다 확장될 수 있도록 지속적으로 지원하겠다""고 말했다. 한편 중기중앙회는 중기부, 삼성과 함께 2018년부터 '대중소 상생형 스마트공장 1차 지원사업'을 통해 약 2000여개사의 스마트공장 구축을 지원했다. 올해부터 새롭게 시작되는 '대·중소 상생형 삼성 스마트공장 구축 2차 지원사업'에서는 중기부와 삼성이 3년간 매년 200억원을 투입, 연간 200여개 스마트공장의 구축·고도화를 지원한다．
]",,
2023-09-08 17:37:01,"[단독] ""삼성도 공시 준비 안돼""…시스템 갖춘 곳 14% 뿐",https://n.news.naver.com/mnews/article/011/0004236095?sid=101,"[
[ESG 공시 의무화 1년 유예 유력]美도 자국기업 이해득실 따져세부 기준안 4분기 발표 계획해외투자자 설득 명분은 고민



[서울경제] 금융 당국이 2025년 환경·사회·지배구조(ESG) 공시 의무화 개시 계획을 2년 만에 전면 재검토하고 나선 것은 삼성전자 등 국내 글로벌 대기업조차 이를 제대로 준비하지 못했다는 현실적인 문제 때문으로 풀이된다. 재계와 회계 업계에서는 당국이 ESG 공시 시작 시점을 2026년으로 1년 더 미룰 가능성을 높게 보면서도 정부와 기업 모두 ESG를 주요 지표로 삼는 해외 투자자를 설득할 명분을 찾아야 할 것이라고 봤다.



8일 재계와 회계 업계는 당국이 ESG 공시 의무화 시기를 기존 2025년에서 2026년으로 1년 유예하기로 가닥을 잡은 가장 큰 이유로 기업들의 미숙한 준비 상황을 꼽았다. 2025년부터 공시를 시작하려면 최소한 올해부터 이를 준비해야 하는데 대다수 기업이 2025년부터 대비를 한다고 착오했다는 설명이다. 앞서 금융위원회는 2025년부터 코스피 상장사 중 자산 2조 원 이상 기업부터 ESG 공시를 단계적으로 의무화해 2030년에는 코스피 전체 상장사로 확대하겠다는 계획을 2021년 1월 14일 발표했다.



실제로 최근 대한상공회의소가 국내 기업 100개사 ESG 담당 임직원을 대상으로 실시한 설문 조사에 따르면 ‘ESG 공시 의무화 일정을 최소 1년 이상 연기하고 2~3년 책임 면제 기간을 설정하는 것이 적정하다’는 답변이 56%로 절반을 넘었다. 책임 면제 기간은 배출량 측정과 검증에 필요한 명확한 기준을 마련하기 전까지 기업에 ESG 공시 의무를 지우지 않는 제도다. ‘ESG 공시를 위한 전산시스템을 갖췄다’고 응답한 기업은 설문 대상 가운데 14%에 불과했다. ‘준비 중’이라고 답변한 기업은 46%, ‘계획이 없다’고 한 곳은 32%였다. 전체 기업의 71.7%는 ‘ESG 공시 준비에 2억 원 미만을 투자했다’고 답했고 28.3%만 ‘2억 원 이상을 투자했다’고 밝혔다.ESG 금융 추진단 관계자는 “국내 글로벌 대기업 다수가 2025년부터 ESG 공시를 한다는 계획을 두고 오해를 했다고 한다”며 “2025년 회계연도 숫자로 2026년부터 ESG 공시를 한다고 이해하는 바람에 준비가 안 됐다”고 설명했다. 이어 “삼성전자까지 같은 주장을 하다 보니 당국이 상황을 심각하게 인식한 것 같다”고 설명했다.유럽연합(EU)과 함께 글로벌 ESG 공시의 중심축 역할을 하는 미국이 4분기에나 세부적인 관련 기준을 내놓기로 한 점도 당국이 안심하고 속도 조절에 나선 이유가 됐다. 폴 문터 미국 증권거래위원회(SEC) 국장은 지난달 17일 한국회계기준원의 국제 지속가능성 보고 세미나에서 “올 4분기 ESG 공시 기준 확정안 발표를 목표로 한다”고 말했다. 그는 구체적인 공시 일정과 방식에 대해서는 “고민하고 있다”고만 언급했다.금융위 관계자는 “미국도 당초 계획대로라면 내년부터 ESG 공시를 시작해야 하지만 4분기에야 세부안을 내놓는 상황”이라고 설명했다. 회계 업계의 한 관계자는 “전 세계적으로 ESG 공시를 두고 무작정 속도를 높이기보다는 자국 기업의 이해득실을 따져 신중하게 기준을 설정하려는 분위기가 확산하고 있다”고 설명했다.문제는 ESG 공시를 미루면서 내세울 대외적인 명분이다. 당국은 ESG 공시 의무화 1년 유예를 두고 해외 투자자가 납득할 만한 근거를 만드는 데 깊게 고민하는 것으로 알려졌다. ESG 금융 추진단 관계자는 “금융 당국은 2년 전부터 2025년 ESG 공시 의무화 방안을 대내외적으로 공표했다”며 “본격 시행을 1년여 앞두고 연기하게 되면서 ESG를 핵심 투자 지표로 삼는 해외 투자자를 어떻게 설득할지 골머리를 앓고 있는 것으로 안다”고 설명했다.
]",,
2023-09-07 10:00:00,"""429만원 명품폰 대박""...삼성 '갤Z폴드5 톰브라운 에디션' 공개",https://n.news.naver.com/mnews/article/008/0004935199?sid=105,"[
12일 삼성 홈페이지서 온라인 응모, 14일 배송갤워치6, S펜 등 패키지에 포함...가격은 비싸



갤럭시Z폴드5 톰브라운 에디션. /사진=삼성전자삼성전자가 명품 브랜드 톰브라운과 협업한 '갤럭시Z폴드5 톰브라운 에디션'을 7일 공개했다.이 에디션은 양사가 협업한 네 번째 제품이다. 패키지에는 갤럭시Z폴드5(512GB)를 비롯해 갤럭시워치6(40mm 블루투스 모델), 가죽 케이스 2종, S펜 등이 포함됐다.  삼성은 오는 12일 오전 10시부터 오후 5시까지 삼성전자 홈페이지에서 응모를 받는다. 당첨자는 13일 오전 9시 발표되며, 제품 배송은 14일부터 순차적으로 진행된다. 한국을 포함한 일부 국가에서 한정 수량으로 판매된다.출고가는 429만원이다. 각종 액세서리가 포함됐더라도 구성품의 기본 모델 가격과 비교하면 다소 높은 가격대로 책정됐다. 기본 모델 가격은 갤럭시Z폴드5 512GB 모델이 221만8700원, 갤럭시워치6 40mm 블루투스 모델은 32만9000원, 폴드5 S펜은 6만9300원이다. 



갤럭시Z폴드5 톰브라운 에디션 구성품. /사진=삼성전자갤럭시Z폴드5는 톰브라운 브랜드 고유의 빨간색, 흰색, 파란색 시그니처 패턴이 제품 후면에 패브릭 질감으로 표현됐다. 프레임은 블랙 색상이, 힌지와 후면 카메라 렌즈 테두리에는 골드 색상이 채택됐다. 잠금화면, 배경화면, 앱 아이콘 등에 톰브라운 디자인이 적용된 테마도 제공된다.갤럭시워치6는 골드 색상을 적용하고 톰브라운 디자인의 워치 페이스를 탑재했다. 사용자의 스타일에 따라 교체 가능한 2종의 워치 스트랩이 함께 제공된다. 이 밖에 톰브라운의 패턴 디자인이 적용된 스마트폰 충전기와 갤럭시워치6 충전기도 제공한다.최승은 삼성전자 MX(모바일경험)사업부 마케팅 팀장(부사장)은 ""현대 패션의 선구적 브랜드 톰브라운과 삼성전자가 협업을 지속하게 돼 기쁘다""며 ""갤럭시Z폴드5 톰브라운 에디션은 폴더블의 사용성과 자기 자신을 특별하게 표현하길 원하는 고객에게 큰 만족을 드릴 것""이라고 말했다.
]",,
2023-09-07 05:03:10,EU ‘빅테크 규제법’ 삼성만 제외됐다,https://n.news.naver.com/mnews/article/081/0003391065?sid=101,"[
애플·구글·MS 등 6개사는 확정“삼성 플랫폼 사업자 아니다” 인정



서울 서초동 삼성사옥 전경. 서울신문 DB알파벳(구글 모회사), 애플, 메타(페이스북 모회사), 아마존, 마이크로소프트(MS), 바이트댄스(틱톡 모회사) 등 6개 업체가 내년부터 유럽연합(EU) 역내에서 우월적 시장지위 남용을 방지하기 위해 마련된 ‘특별 규제’를 받는다. 의무 불이행 시 전체 연간 매출액의 최대 10% 과징금이 부과될 수 있다. 반복적인 위반이 확인되면 과징금이 최대 20%까지 상향 조정될 수 있다.EU 집행위원회는 새로 시행되는 디지털시장법(DMA)에 의해 특별 규제를 받게 될 대형 플랫폼 사업자를 의미하는 ‘게이트키퍼’ 기업 6곳을 확정했다고 6일(현지시간) 밝혔다. 지난 7월 자진신고했던 7개 글로벌 빅테크(거대 정보기술 기업) 중 삼성전자만 제외됐다. 이들이 제공하는 소셜미디어(SNS) 플랫폼, 앱스토어, 운영체제(OS) 등 총 22개 주요 서비스가 규제 대상이다.EU 관계자는 게이트키퍼에 대해 “다수의 사용자를 입점업체 등 다수의 사업자와 장기간에 걸쳐 연결하며 지배적 중개자 지위를 인정받은 플랫폼”이라고 설명했다. 구체적으로는 플랫폼의 EU 활성 사용자가 최소 월 4500만명이고 지난 3개 회계연도 매출액 75억 유로(약 10조 7000억원), 시가총액 750억 유로(약 107조 1000억원) 이상인 경우다. 이런 기준에 들어가지 않아도 플랫폼이 시장에서 확고하고 지속성 있는 지위로 판단되면 지정할 수 있다.최종 명단에서 빠진 삼성의 경우 갤럭시 휴대전화에 탑재된 삼성 웹브라우저 서비스를 이유로 EU에 정량적 요건을 충족한다고 신고한 바 있다.EU, 내년 3월부터 빅테크 규제“요건 안 된다는 정당한 논거 제시”6곳 자사 서비스 끼워팔기 금지삼성 “사업전략 영향 없다” 반색EU는 삼성 측에서 시장지배력 남용 우려가 있는 게이트키퍼 요건에 해당하지 않는다는 것과 관련한 ‘충분히 정당한 논거’를 제공해 최종 제외했다고 밝혔다.게이트키퍼로 지정된 기업은 자사 서비스를 통해 획득한 이용자의 개인 정보를 사업에 활용하는 게 엄격히 금지되며 반드시 이용자 동의를 받아야 한다. 구글이나 애플의 경우 기존에 자사 앱스토어에서만 이용할 수 있는 앱을 상호간 내려받을 수 있도록 개방해야 한다.해당 기업에는 이날부터 6개월간 유예기간이 주어지며 내년 3월부터 본격 규제를 받게 된다.아울러 ‘조직적인 침해’로 간주되는 경우 사업부문 일부를 의무적으로 매각하도록 하는 등 더 강력한 제재도 가할 수 있다고 EU 집행위는 예고했다.삼성은 EU의 결정에 대해 “사업 전략엔 영향이 없다”며 반기는 분위기다. 최대 경쟁자인 애플이 규제 대상에 포함됐기 때문에 삼성에 다소 유리한 상황으로 관측된다.EU의 규제안 취지가 플랫폼 사업자들의 역내 시장지배력을 제어하겠다는 것이라 스마트폰 제조사인 삼성전자와는 거리가 있다. 다만 갤럭시 스마트폰엔 인터넷 브라우저인 ‘삼성인터넷’이 탑재돼 있다. 이에 EU 역내 인터넷 서비스 이용자 규모가 신고대상 기준에 포함됐던 것이다.업계 관계자는 “삼성인터넷은 플랫폼 사업이 아니라는 점을 인정하고 하드웨어 제조사로 판단해 제외한 것 같다”며 “구체적인 내용을 봐야 알겠지만, 애플에 대한 규제도 제한적일 것”이라고 말했다.
		]",,
2023-09-08 14:05:29,中 공직사회 아이폰 퇴출령 후폭풍…삼성폰 반사이익 얻을까,https://n.news.naver.com/mnews/article/003/0012078320?sid=105,"[
중국, 공직사회에 '아이폰 금지' 지시…애플 시총 253조원 증발中 아이폰 금지 파급 효과 두고 갑론을박…전체 시장 영향도 주목



[뉴욕=AP/뉴시스]2011년 12월7일 미국 뉴욕 그랜드 센트럴 터미널 근처에 있는 애플 로고. 2011.12.07.[서울=뉴시스]윤현성 기자 = 중국 정부의 '공직사회 아이폰 금지령'이 향후 스마트폰 시장에도 파장이 이어질 전망이다. 업계 시각도 엇갈린다. 중국 당국의 규제로 중국 점유율 1위를 달려온 애플의 입지가 크게 위축될 것이라는 관측이 있는가 하면, 예상보다 후폭풍이 크진 않을 것이라는 의견도 나온다.8일 월스트리트저널(WSJ), 블룸버그 등 외신에 따르면 중국 정부가 최근 중앙정부기관 공무원들에게 업무용으로 아이폰을 포함한 외산 스마트폰을 사용하지 말라는 지시를 내린 데 이어 기타 공공기관과 국영기업까지 관련 조치가 확대될 것이라는 보도가 이어지고 있다.  중국 현지 스마트폰 시장은 애플 아이폰을 제외하면 현지 제조사 브랜드들이 점유율 상위를 차지하고 있다는 점을 감안하면 사실상 애플을 겨냥한 조치다. 수년째 이어지고 있는 미국의 대중 제재에 대한 반격인 셈이다. 최근 중국의 스마트폰 업체인 화웨이가 신작 스마트폰 '메이트 60 프로'에 7나노미터(㎚) 공정 반도체를 탑재하면서 반도체 자립에 대한 자신감이 커졌다는 분석이다.이 소식이 알려지면서 애플의 시가총액은 200조원 이상이 줄었다. 7일(현지시간) 뉴욕증권거래소에서 애플 주가는 전날보다 2.92% 하락한 177.56달러(약 23만7060원)에 장을 마감했고, 시총도 2조7760달러(약 2671조원)로 줄었다. 이틀 만에 시총이 약 1897억 달러(약 253조원) 날아갔다.""아이폰 금지 中 사회 전반 퍼지나"" vs ""일부 신규 임용 공무원만 애플 이탈할 수도""]",,
2023-09-08 10:02:03,삼성전자-LG전자 손잡은 ‘IFA 2023’,https://n.news.naver.com/mnews/article/037/0000033091?sid=101,"[
유럽 최대 가전·IT 전시회서 AI 접목 가전제품 선보여 눈길 



9월 1일부터 닷새간 독일 베를린에서 국제가전박람회(IFA)가 열렸다. [IFA 제공]유럽 최대 가전 전시회 ‘국제가전박람회(IFA)’에 삼성전자와 LG전자가 나란히 출격해 인공지능(AI) 기능이 접목된 가전제품을 선보여 세계인의 눈길을 끌었다. 아마존, 구글 등 글로벌 빅테크 기업을 중심으로 사물인터넷(IoT) 협업이 펼쳐지는 가운데 삼성전자와 LG전자를 필두로 이에 대항하는 움직임도 나타나고 있다.9월 1일부터 5일까지 열린 ‘IFA 2023’에는 삼성전자와 LG전자를 비롯해 전 세계 주요 가전제품 기업이 참가했다. 올해로 99주년을 맞은 IFA에는 세계 최대 가전 소비시장으로 꼽히는 유럽을 겨냥한 신제품이 대거 전시됐다. 중국 기업이 1293개나 참가해 물량공세를 펼친 가운데 국내 대표 기업인 삼성전자와 LG전자도 존재감을 보였다.



삼성전자(왼쪽)와 LG전자는 IFA에서 나란히 세탁과 건조를 한 번에 해결할 수 있는 세탁건조기를 공개했다. [삼성전자 제공, LG전자 제공]유럽시장 주목하는 국내 가전업계삼성전자는 ‘의미 있는 연결(Connections That Matter)’을 주제로 참가 기업 중 최대 규모인 6026㎡의 부스를 열어 여러 독자기술이 적용된 가전제품을 선보였다. 특히 AI 기술이 적용된 기기들이 관람객의 눈길을 끌었다. 세탁물 무게 및 오염도를 측정해 물과 세제 사용량을 정하는 신형 세탁기가 대표적 예다. 내부 카메라로 식재료를 인식해 레시피를 제안하는 ‘비스포크 AI 오븐’도 많은 관심을 받았다.LG전자는 IFA에서 워시타워, 식기세척기, 인덕션 제품군에 속하는 다양한 프리미엄 가전제품을 선보였다. 특히 이들 제품을 결합한 소형 모듈러 주택 ‘LG 스마트코티지’ 체험공간을 조성했다. 대용량 세탁기와 인버터 히트펌프 건조기를 합쳐 세탁과 건조를 한 번에 해결하는 ‘세탁건조기’, 전원을 제외한 모든 연결선을 없앤 무선 올레드 TV인 ‘LG 시그니처 올레드M’, 문을 열지 않고도 내부를 볼 수 있는 ‘듀얼 인스타뷰 냉장고’ 등 LG전자의 시그니처 2세대 제품들도 선보였다.



삼성전자가 유럽시장을 겨냥해 출시한 냉장고 ‘비스포크 프렌치도어’(왼쪽)와 LG전자가 IFA에서 전시한 ‘LG 무드업 포레스트’. [삼성전자 제공, LG전자 제]스마트홈 생태계 조성 위해 협력이번 IFA에서는 경쟁사인 삼성전자와 LG전자가 협력하는 다소 이례적인 모습도 관측됐다. 양사 제품을 서로의 디지털 플랫폼에서 사용할 수 있는 방안이 본격적으로 논의되기 시작한 것이다. 양사는 지난해부터 주요 글로벌 가전 기업과 함께 스마트홈 생태계를 조성하고 있다. 15개 글로벌 가전제품 기업이 참여해 설립된 HCA(Home Connectivity Alliance)가 그 무대다. 삼성전자가 HCA 대표 의장사를 맡았고 LG전자도 의장사로 활동하고 있다.이미 사물인터넷 업계에서는 한발 앞서 협력을 진행하고 있다. 애플, 구글, 아마존 등 글로벌 빅테크 기업을 중심으로 기기 간 통신 표준인 ‘매터’를 적용하고 있는 것이 대표적이다. 통신 표준이 자리 잡으면서 빅테크 기업의 스피커를 사용해 스마트 전구나 조명을 작동하는 것 등이 가능해졌다.이에 가전업계에서는 “디바이스 주도권을 글로벌 빅테크 기업들에 빼앗기는 것 아니냐”는 우려가 커지는 상황이었다. 삼성전자와 LG전자 등의 경쟁 기업들이 손을 맞잡은 배경이다. 삼성전자와 LG전자는 각각 ‘스마트싱스’ ‘LG씽큐’라는 스마트홈 플랫폼을 운영하고 있다.삼성전자는 이달부터 튀르키예 가전제품 기업 베스텔, 파트너 브랜드 샤프와 서비스 연동을 시작한다. LG전자 역시 HCA 회원사 전반으로 가전기기 연동을 확장할 계획이다. 미국, 유럽 등 주요 시장에서 세탁기, 건조기, 식기세척기 등 주력 제품군 중심으로 기기 연동 대상을 확대해간다는 구상이다.유미영 삼성전자 생활가전사업부 부사장은 9월 2일(현지 시간) IFA 행사장에서 진행된 기자간담회에 참석해 “HCA 연결을 통해 LG전자 제품을 보고 컨트롤할 수 있다”며 “여기에 더해 당사 AI 서비스 등을 HCA를 통해 (타사에 적용하는 것을) 얘기하고 있다”고 밝혔다. 류재철 LG전자 H&amp;A사업본부장(사장) 역시 다음 날 행사장에서 “현재까지는 서로 경쟁사의 상세 기능을 알 수 없어 기본적인 기능만 프로토콜이 정의돼 있다”면서도 “고객이 서비스를 이용하면서 ‘이런 게 되면 좋지 않겠냐’고 역제안을 해오면 당연히 진화하지 않겠나”라고 말했다. 향후 에너지 절약 기능, AI 기능 등 각사의 다양한 고유 기능이 확산될 가능성도 있다.



LG전자는 IFA에서 ESS(에너지저장시스템)를 적용한 ‘넷 제로 하우스(net zero house)를 선보였다. [LG전자 제공]“각 브랜드 강점 재인식될 것”스마트홈 시장은 향후 지속적인 성장이 기대되는 분야다. 시장조사업체 옴디아는 글로벌 스마트홈 시장이 2020년 608억 달러(약 81조 원)에서 2025년 1785억 달러(약 238조 원)로 성장할 것으로 전망했다. 5년 동안 관련 시장이 193.6% 성장하리라 분석한 것이다.글로벌 가전업계에 나타나는 기기 연동 움직임을 단순 협업으로 봐서는 안 된다는 시각도 있다. 가전업계가 HCA 아래 하나로 뭉치고 있지만 향후 이 안에서 치열한 공방이 벌어질 것이라는 전망이다. 가전업계 한 관계자는 “고객들이 여러 기업의 가전제품을 스마트홈 서비스를 통해 연동해 사용하면서 각 브랜드의 강점을 재인식하는 계기가 될 것”이라며 “이 과정에서 특정 브랜드에 대한 긍정적 이미지가 강화될 수 있고, 이는 잠금 효과(lock-in effect) 강화로 이어질 수도 있다”고 말했다.



*유튜브와 포털에서 각각 ‘매거진동아’와 ‘투벤저스’를 검색해 팔로잉하시면 기사 외에도 동영상 등 다채로운 투자 정보를 만나보실 수 있습니다.
]",,
2023-09-08 08:47:10,"""단기 '8만전자' 가능…삼성전자, 내년 HBM 점유율 48%""",https://n.news.naver.com/mnews/article/018/0005569985?sid=101,"[
KB증권 보고서



[이데일리 이은정 기자] 삼성전자(005930)가 단기에 8만원선에 안착할 수 있다는 증권가 의견이 제시됐다. 인공지능(AI) 메모리 반도체인 고대역폭 메모리(HBM) 일괄 공급(턴키) 생사에 따라 내년 HBM 시장 점유율이 절반에 이를 수 있다는 분석이다. KB증권은 8일 삼성전자에 대해 투자의견 ‘매수’, 목표주가 9만5000원을 제시하면서, 단기적으로는 8만원대 안착이 가능할 것이라고 전망했다. 삼성전자가 HBM 일괄 공급이 가능한 2.5D 첨단 패키징(아이큐브8) 생산 능력을 내년에 2배 이상 증설할 것으로 예상되면서다. HBM 패키징 수요는 2025년까지 공급을 상회할 것으로 전망, 경쟁사 패키징 (CoWos) 공급에 대부분 의존하는 엔비디아, AMD 등 주요 고객사들은 내년부터 HBM 일괄 공급 체제를 구축한 삼성전자로 공급처를 다변화할 것으로 예상했다. 따라서 삼성전자 첨단 패키징 생산능력 확대는 내년 HBM3 수주량을 3배 이상 확대시키는 주 요인으로 작용할 것이란 전망이다.김동원 KB증권 연구원은 “삼성전자는 HBM 설계, 생산부터 2.5D 첨단 패키징까지 HBM 턴키 생산체제를 유일하게 구축하고 있다”며 “이에 따라 삼성전자는 내년 1분기 주요 고객사로부터 HBM 턴키 제품의 최종 승인이 완료될 것으로 추정돼 향후 삼성전자가 HBM과 2.5D 패키징을 턴키 공급할 경우 HBM 단품 공급대비 수주량을 대폭 늘릴 것으로 기대된다”고 말했다.내년 삼성전자의 HBM 시장 점유율은 48%까지 확대될 것으로 추정했다. 김 연구원은 “엔비디아, AMD 등 주요 고객사 입장에서 HBM 공급 안정성 우려를 완화할 수 있는 동시에 첨단 패키징의 공급처 다변화가 가능해지는 것”이라며 “따라서 내년 삼성전자는 턴키 생산이 강점으로 부각되며 HBM 점유율이 48%까지 확대될 것으로 추정된다”고 설명했다.삼성전자의 HBM 턴키 전략은 엔비디아, AMD 등 주요 고객사 입장에서는 매력적일 것으로 전망했다. 이는 HBM 단품 구매와 개별 공정 효율화가 가능해지고, 내년 경쟁사의 패키징(CoWos) 생산능력이 2배 증설돼도 향후 18개월간 공급부족이 불가피하기 때문이다.김 연구원은 “내년 삼성전자는 첨단 패키징 생산능력을 경쟁사 대비 70% 수준까지 증설할 것으로 추정돼 HBM 단품 공급과 비교할 때 HBM 수주량은 턴키 전략 효과로 3배 이상 증가될 전망”이라며 “따라서 삼성전자 주가는 HBM 턴키 효과로 점유율이 확대되며 단기에 8만원대 안착이 가능할 것으로 예상된다”고 전했다.
]",,
2023-09-07 08:05:01,"삼성, 고성능 SSD '990 PRO' 4TB 출시…최첨단 '8세대 V낸드' 적용",https://n.news.naver.com/mnews/article/119/0002746754?sid=101,"[
PCle 4.0 기반 소비자용 SSD 중 가장 빠른 임의 읽기 속도 제공



삼성전자, 고성능 SSD '990 PRO' 4TB 출시ⓒ삼성전자[데일리안 = 조인영 기자] 삼성전자는 초고속 데이터 처리와 높은 전력 효율로 고사양 게이밍에 최적화된 고성능 SSD '990 PRO' 시리즈의 4TB 제품을 출시한다고 7일 밝혔다.'990 PRO' 시리즈 4TB 제품은 2종으로, '990 PRO 4TB'와 방열 기능을 더욱 강화한 '990 PRO with Heatsink 4TB'이다.삼성전자는 작년 10월 '990 PRO' 1TB, 2TB 제품을 출시한데 이어 올해 10월 고용량 4TB 제품을 새롭게 출시하여 대용량의 저장 공간이 필요한 게이머, 크리에이터, 테크 전문가에게 폭넓은 선택지를 제공한다.'990 PRO' 시리즈 4TB의 연속 읽기·연속 쓰기 성능은 각각 최대 7450 MB/s, 6900 MB/s이며, 임의 읽기·임의 쓰기 속도는 각각 최대 1600K IOPS, 1550K IOPS이다. IOPS(Input/Output Operations Per Second)는 초당 입력, 출력 명령어 처리 수를 말한다.특히 PCle 4.0 인터페이스의 소비자용 SSD 제품 중 가장 빠른 임의 읽기 속도를 제공해 게이밍 시 끊김 현상을 줄이고, 고사양 게임의 로딩 시간을 줄여준다.'990 PRO' 시리즈는 전력 효율이 이전 제품 대비 최대 50% 향상됐다. 또 니켈로 코팅된 컨트롤러를 적용해 효율적인 발열 제어 기능을 제공하며 '990 PRO'에는 열 분산 시트를, '990 PRO with Heatsink'에는 히트싱크를 부착해 다양한 사용 환경에서 최적의 온도를 유지시킨다.'990 PRO'시리즈 4TB는 삼성전자의 '1Tb 8세대 V낸드' 고밀도 적층 공정으로 단면(single-sided)으로 설계돼 다른 양면(double-sided) SSD 보다 얇다. 단면 SSD는 양면 SSD 적용이 어려웠던 일부 슬림형 노트북을 포함한 모든 노트북에 장착이 가능하다.삼성전자는 SSD 사용자를 위한 서비스도 강화한다. 삼성 매지션(Samsung Magician) 소프트웨어는 SSD의 펌웨어, 드라이브 등의 설정을 최신 버전으로 유지하고, 사용자에게 맞는 전력·성능을 최적화한다. '990 PRO with Heatsink'의 경우 매지션의 RGB 옵션을 통해 컬러와 LED 효과로 나만의 감성을 더할 수 있다.한편 삼성 매지션은 올해 9월 SSD, 포터블 SSD, 메모리카드 및 USB 플래시 드라이브를 통합한 8.0버전으로 업데이트 될 예정이다.손한구 삼성전자 메모리사업부 브랜드제품Biz팀 상무는 ""'990 PRO' 시리즈 4TB 는 고용량, 고화질의 데이터를 다루는 게이머와 크리에이티브 전문가에게 최적의 제품이 될 것""이라며 ""4K 영상과 같은 고화질 콘텐츠와 초고속 데이터 처리는 지속적으로 증가하고 있고 이에 따라 고성능의 NVMe(Non-Volatile Memory express) SSD 는 이제 선택이 아닌 필수"" 라고 말했다.
		]",,
2023-09-07 10:01:01,"삼성, 갤Z폴드5 톰브라운 에디션 공개…가격 429만원",https://n.news.naver.com/mnews/article/092/0002304294?sid=105,"[
일부 국가 한정수량 판매…온라인 추첨 진행삼성전자가 패션 브랜드 톰브라운과 협업한 '갤럭시Z폴드5 톰브라운 에디션'을 7일 공개했다.'갤럭시Z폴드5 톰브라운 에디션'은 삼성전자와 톰브라운의 네번째 협업 제품이다. 역대 시리즈 중 가장 얇은 폴드5 512GB 제품에 톰브라운의 디자인 철학을 결합했다.폴드5 톰브라운 에디션에는 '갤럭시워치6 40mm 블루투스' 모델이 포함돼 있다. 제품은 톰브라운의 서류 가방을 연상시키는 패키지 박스에 담겨 다양한 액세서리와 함께 제공된다.



갤럭시Z폴드5 톰브라운 에디션 언박싱 (영상=삼성전자)폴드5 톰브라운 에디션은 한국을 포함한 일부 국가에서 한정 수량으로 판매된다. 국내의 경우 온라인 추첨을 통해 판매가 진행된다. 가격은 429만원이다.구매를 원하는 소비자는 12일 오전 10시부터 오후 5시까지 삼성전자 홈페이지를 통해 응모할 수 있다. 당첨자는 13일 오전 9시 발표되며, 제품 배송은 14일부터 순차적으로 진행된다.폴드5 톰브라운 에디션은 톰브라운 브랜드 고유의 빨간색, 흰색, 파란색 시그니처 패턴이 제품 후면에 패브릭 질감으로 표현됐다.톰브라운의 감성을 담은 특별한 UX 테마도 탑재됐다. 사용자는 제품의 전원을 켜는 순간부터 톰브라운의 시그니처 패턴 디자인을 만날 수 있다. 잠금화면, 배경화면, 앱 아이콘 등에도 톰브라운 디자인이 적용됐다.톰브라운 디자인이 적용된 블랙 색상의 가죽 케이스 2종과, 노트 필기와 아이디어 구상을 위해 편리하게 사용할 수 있는 'S펜 폴드 에디션'이 파우치와 함께 제공된다.갤럭시워치6 40mm 블루투스 모델은 고급스러운 골드 색상을 적용하고 톰브라운 디자인의 워치 페이스를 탑재했다. 사용자의 스타일에 따라 교체 가능한 2종의 워치 스트랩이 함께 제공된다.이밖에도 톰브라운의 패턴 디자인이 적용된 스마트폰 충전기와 갤럭시 워치6 충전기가 함께 제공된다.패션 디자이너 톰브라운은 ""폴드5 톰브라운 에디션은 수년간 삼성전자와 함께 진행해 온 협력의 결과물""이라며, ""최신 기술과 혁신적인 디자인이 만났을 때 자기 표현의 도구가 될 수 있다는 것을 보여주는 궁극의 예시""라고 말했다.삼성전자 MX사업부 마케팅팀장 최승은 부사장은 ""현대 패션의 선구적 브랜드 톰브라운과 삼성전자가 협업을 지속하게 돼 기쁘게 생각한다""며 ""폴드5 톰브라운 에디션은 폴더블의 사용성과 자기 자신을 특별하게 표현하길 원하는 고객에게 큰 만족을 드릴 것""이라고 말했다.
]",,
2023-09-08 11:01:22,美 전역 폭염…삼성전자 텍사스 공장 셧다운 재현 우려,https://n.news.naver.com/mnews/article/003/0012077730?sid=101,"[
텍사스 이상고온 지속에 역대 9월 전력 수요 최고치



[서울=뉴시스] 경계현 삼성전자 사장이 공개한 미국 테일러 공장 건설 현장 (사진=경계현 삼성전자 사장 인스타그램 갈무리) 2023.07.14. photo@newsis.com  *재판매 및 DB 금지[서울=뉴시스] 동효정 기자 = 미국 전역에 폭염이 기승을 부리면서 삼성전자의 미국 텍사스 반도체 파운드리(위탁생산) 공장에 대한 셧다운 우려가 나오고 있다. 8일 외신에 따르면 텍사스 전기신뢰성위원회(ERCOT)는 전력 공급 안정성을 유지하기 위해 전력 예비율이 기준치 아래로 하락할 경우 추후 전력 수급 비상 경보를 발령하고 순환 정전 가능성에 대해 경고했다. 역대 9월 전력 수요 최고치를 기록하면서 텍사스 전기신뢰성위원회는 주민과 기업들에게 자발적으로 전력 사용을 줄여달라고 호소하고 있다. 현재 텍사스 낮 최고기온이 47도를 기록하는 등 이상고온이 지속되면서 건물과 파이프, 전력 구조물도 위협하는 수준이다.2년 전 대규모 정전 사태가 재현될 수 있다는 경고에 삼성전자의 텍사스 현지 반도체공장 건설 및 운영에도 변수로 작용할 가능성이 높아졌다. 반도체 공장은 자연재해로 인한 전력공급 막히는 사태에 대비해 철저하게 예비 전력을 확보하는 곳이지만 2021년 2월 폭설로 정전사태가 발생하면서 오스틴 공장은 사상 초유의 가동 중단으로 피해를 입은 바 있다. 반도체 공정 특성상 생산라인이 재가동되더라도 일시 중지된 경우에는 수율을 정상 수준까지 끌어올리는 데 상당한 시간이 걸려 손해가 막심하다. 삼성전자가 당시 3일간 공장 가동 중단 사태로 겪은 손실액은 3000억∼4000억원으로 추산됐다.반도체 업계 관계자는 ""오스틴 공장의 경우 긴장하며 전력수요에 대비하고 있으며 텍사스 공장 건설 진행 상황도 차질 없도록 점검하는 분위기""라고 전했다. 지난해에도 삼성전자는 전력 공급 불안으로 인해 미국 오스틴 반도체 공장 내 라인 운영에 이상이 없을 정도로 전기 사용량을 일부 감축했다. 당시에도 삼성전자는 기상 상황을 예의주시하며 전력 사용과 관련해 당국과 전력 사용 계획을 조정했으며 삼성전자 외에도 도요타자동차와 GM 등도 전력 사용을 줄이며 전력 수급난에 대비했다. 전력 수급과 별개로 폭염으로 인해 텍사스주 테일러시에 신설 중인 공장 건설 변수 가능성도 나온다. 현재 삼성전자는 첫 번째 공장의 외관골조를 완성하고 내장공사를 시작한 상태다. 텍사스주는 연례적으로 폭염을 겪으면서 외부활동을 하는 노동자들에게 '워터브레이크(물을 마시는 휴식시간)' 등을 보장하고 있는데 극한의 날씨가 이어지면서 평균 노동시간도 감소하는 추세다. 현지 사정에 정통한 업계 관계자는 ""현재 오후 5시부터 9시까지 전기를 절약해 달라고 당부한 상태지만 극도의 비상 상황은 아니라서 일정 지연을 빚거나 할 정도는 아닌 것으로 판단한다""라며 ""각 기업들이 상황을 주시하고 있다""고 말했다．
]",,
2023-09-07 10:01:16,"삼성, 폴드5 톰브라운 에디션 한정 판매…429만원",https://n.news.naver.com/mnews/article/003/0012074980?sid=105,"[
12일 오전 10시부터 구매 응모 시작…14일 순차 배송폴드5·워치6·케이스·S펜·충전기 등 포함…전용 UX 탑재



삼성전자가 패션 브랜드 톰브라운과 협업한 '갤럭시 Z 폴드5 톰브라운 에디션'을 7일 공개했다. (사진=삼성전자 제공) *재판매 및 DB 금지[서울=뉴시스]윤현성 기자 = 삼성전자가 패션 브랜드 톰브라운과 협업한 '갤럭시 Z 폴드5 톰브라운 에디션'을 공개했다.삼성전자는 갤럭시 Z 폴드5 톰브라운 에디션을 오는 12일부터 판매한다고 7일 밝혔다. 전용 테마가 담긴 폴드5와 갤럭시 워치6, 가죽 케이스, 파우치 등이 포함된 이번 에디션의 가격은 429만원이다.폴드5 톰브라운 에디션은 삼성전자와 톰브라운의 네번째 협업 제품이다. 역대 시리즈 중 가장 얇은 폴드5 512GB 제품에 톰브라운의 디자인 철학을 결합해 창의성과 혁신의 조화를 담았다는 게 삼성전자의 설명이다.폴드5 톰브라운 에디션에는 '갤럭시 워치6 40㎜ 블루투스' 모델이 포함됐다. 제품은 톰브라운의 서류 가방을 연상시키는 고급스러운 패키지 박스에 담겨 다양한 액세서리와 함께 제공된다.폴드5 톰브라운 에디션은 한국을 포함한 일부 국가에서 한정 수량으로 판매된다. 국내의 경우 온라인 추첨을 통해 판매가 진행될 예정이다.구매를 원하는 소비자는 12일 오전 10시부터 오후 5시까지 삼성전자 홈페이지를 통해 응모할 수 있다. 당첨자는 13일 오전 9시 발표되며 제품 배송은 14일부터 순차적으로 진행된다.삼성전자는 폴드5 톰브라운 에디션이 갤럭시 폴더블의 혁신 기술과 톰브라운의 클래식한 패션이 조화를 이룬 특별한 제품이라고 강조했다.톰브라운 브랜드 고유의 빨간색, 흰색, 파란색 시그니처 패턴이 제품 후면에 패브릭 질감으로 표현됐다. 블랙 색상의 제품 프레임과 골드 색상의 힌지와 후면 카메라의 렌즈 테두리는 클래식하면서 고급스러운 느낌을 준다.톰브라운의 감성을 담은 특별한 UX(이용자 경험) 테마도 탑재됐다. 사용자는 제품의 전원을 켜는 순간부터 톰브라운의 시그니처 패턴 디자인을 만날 수 있다. 잠금화면, 배경화면, 앱 아이콘 등에도 톰브라운 디자인이 적용됐다.톰브라운 디자인이 적용된 블랙 색상의 가죽 케이스 2종과 노트 필기와 아이디어 구상을 위해 편리하게 사용할 수 있는 'S펜 폴드 에디션'도 파우치와 함께 제공된다.워치6는 고급스러운 골드 색상을 적용하고 톰브라운 디자인의 워치 페이스를 탑재했다. 사용자의 스타일에 따라 교체 가능한 2종의 워치 스트랩이 함께 제공된다.이밖에도 톰브라운의 패턴 디자인이 적용된 스마트폰 충전기와 워치6 충전기가 함께 제공된다.패션 디자이너 톰 브라운은 ""갤럭시 Z 폴드5 톰브라운 에디션은 수년간 삼성전자와 함께 진행해 온 협력의 결과물""이라며 ""최신 기술과 혁신적인 디자인이 만났을 때 자기 표현의 도구가 될 수 있다는 것을 보여주는 궁극의 예시""라고 전했다.최승은 삼성전자 MX사업부 마케팅팀장(부사장)은 ""현대 패션의 선구적 브랜드 톰브라운과 삼성전자가 협업을 지속하게 돼 기쁘게 생각한다""며 ""갤럭시 Z 폴드5 톰브라운 에디션은 폴더블의 사용성과 자기 자신을 특별하게 표현하길 원하는 고객에게 큰 만족을 드릴 것""이라고 말했다．
]",,
None,None,https://sports.news.naver.com/news.nhn?oid=001&aid=0014181010,[],,
2023-09-07 09:11:06,"삼성전자, 고성능 SSD '990 PRO' 4TB 출시",https://n.news.naver.com/mnews/article/079/0003810084?sid=105,"[
""PCle 4.0 기반 소비자용 SSD 중 가장 빠른 임의 읽기 속도""



고성능 SSD 990 PRO 4TB. 삼성전자 제공삼성전자가 초고속 데이터 처리와 높은 전력 효율로 고사양 게이밍에 최적화된 고성능 SSD '990 PRO' 시리즈의 4TB 제품을 출시한다. '990 PRO' 시리즈 4TB 제품은 2종으로, '990 PRO 4TB'와 방열 기능을 더욱 강화한 '990 PRO with Heatsink 4TB'이다.삼성전자는 지난해 10월 '990 PRO' 1TB, 2TB 제품을 출시한데 이어 오는 10월 고용량 4TB 제품을 새롭게 출시한다고 7일 밝혔다.'990 PRO' 시리즈 4TB의 연속 읽기·연속 쓰기 성능은 각각 최대 7450 MB/s, 6900 MB/s이며, 임의 읽기·임의 쓰기 속도는 각각 최대 1600K IOPS, 1550K IOPS이다.삼성전자는 PCle 4.0 인터페이스의 소비자용 SSD 제품 중 가장 빠른 임의 읽기 속도를 제공하여 게이밍 시 끊김 현상을 줄이고, 고사양 게임의 로딩 시간을 줄여준다고 설명했다. '990 PRO' 시리즈는 전력 효율이 이전 제품 대비 최대 50% 향상됐다. 아울러 니켈로 코팅된 컨트롤러를 적용해 효율적인 발열 제어 기능을 제공하며 '990 PRO'에는 열 분산 시트를, '990 PRO with Heatsink'에는 히트싱크를 부착해 다양한 사용 환경에서 최적의 온도를 유지시킨다고 삼성전자는 부연했다.'990 PRO'시리즈 4TB는 삼성전자의 '1Tb 8세대 V낸드' 고밀도 적층 공정으로 단면(single-sided)으로 설계되어 다른 양면(double-sided) SSD 보다 얇다. 단면 SSD는 양면 SSD 적용이 어려웠던 일부 슬림형 노트북을 포함한 모든 노트북에 장착이 가능하다.삼성전자는 SSD 사용자를 위한 서비스도 강화한다. 삼성 매지션(Samsung Magician) 소프트웨어는 SSD의 펌웨어, 드라이브 등의 설정을 최신 버전으로 유지하고, 사용자에게 맞는 전력·성능을 최적화하고  '990 PRO with Heatsink'의 경우 매지션의 RGB 옵션을 통해 컬러와 LED 효과를 활용할 수 있다.한편, 삼성 매지션은 올해 9월 SSD, 포터블 SSD, 메모리카드 및 USB 플래시 드라이브를 통합한 8.0버전으로 업데이트 될 예정이다.삼성전자 메모리사업부 브랜드제품Biz팀 손한구 상무는 ""'990 PRO' 시리즈 4TB 는 고용량, 고화질의 데이터를 다루는 게이머와 크리에이티브 전문가에게 최적의 제품이 될 것""이라며 ""4K 영상과 같은 고화질 콘텐츠와 초고속 데이터 처리는 지속적으로 증가하고 있고 이에 따라 고성능의 NVMe(Non-Volatile Memory express) SSD 는 이제 선택이 아닌 필수""라고 말했다. ※CBS노컷뉴스는 여러분의 제보로 함께 세상을 바꿉니다. 각종 비리와 부당대우, 사건사고와 미담 등 모든 얘깃거리를 알려주세요.이메일 : jebo@cbs.co.kr카카오톡 : @노컷뉴스사이트 : https://url.kr/b71afn
]",,
2023-09-07 09:13:43,"삼성전자, '8세대 낸드 적용' 고성능 SSD '990 프로' 4TB 출시",https://n.news.naver.com/mnews/article/001/0014176760?sid=101,"[
고성능 게임, 3D·4K그래픽 작업 등에 최적화…방열 성능 강화(서울=연합뉴스) 장하나 기자 = 삼성전자가 고용량, 고화질의 데이터를 다루는 게이머와 크리에이티브 전문가에 최적화된 고성능 SSD '990 프로(PRO)' 시리즈의 4테라바이트(TB) 제품을 출시한다고 7일 밝혔다.



삼성전자, 고성능 SSD '990 PRO' 4TB 출시(서울=연합뉴스) 삼성전자가 고성능 SSD '990 PRO' 시리즈의 4TB 제품을 출시한다고 7일 밝혔다. 사진은 삼성전자 SSD '990 PRO' 시리즈의 4TB 제품 이미지. 2023.9.7 [삼성전자 제공. 재판매 및 DB 금지] photo@yna.co.kr990 프로 시리즈 4TB 제품은 '990 프로 4TB'와 방열 기능을 더 강화한 '990 프로 위드 히트싱크(with Heatsink) 4TB' 등 2종이다.    삼성전자는 작년 10월 990 프로 1TB, 2TB 제품을 출시한 데 이어 올해 10월 고용량 4TB 제품을 새롭게 출시해 대용량의 저장 공간이 필요한 게이머, 크리에이터, 테크 전문가에게 폭넓은 선택지를 제공한다는 계획이다.     990 프로 시리즈 4TB의 연속 읽기·연속 쓰기 성능은 각각 최대 7천450MB/s(초당 메가바이트), 6천900MB/s이며, 임의 읽기·임의 쓰기 속도는 각각 최대 1천600K IOPS(초당 입출력 명령어 처리수), 1천550K IOPS이다.    특히 PCle 4.0 인터페이스의 소비자용 SSD 제품 중 가장 빠른 임의 읽기 속도를 제공, 게이밍 시 끊김 현상을 줄이고, 고사양 게임의 로딩 시간을 줄여준다.    전력 효율은 이전 제품 대비 최대 50% 향상됐다.     니켈로 코팅된 컨트롤러를 적용해 효율적인 발열 제어 기능을 제공하며 다양한 사용 환경에서 최적의 온도를 유지시킨다.    삼성전자의 '1테라비트(Tb) 8세대 V낸드' 고밀도 적층 공정으로 단면 설계돼 다른 양면 SSD보다 얇다. 단면 SSD는 양면 SSD 적용이 어려웠던 일부 슬림형 노트북을 포함한 모든 노트북에 장착이 가능하다.    삼성전자는 8세대 V낸드 기술을 자사 소비자용 SSD에 처음으로 적용했다고 전했다.     SSD 업계 1위 기업인 삼성전자가 소비자용 SSD에 8세대 V낸드를 탑재함으로써 8세대 V낸드 SSD 시장이 본격화됐다는 평가다.     



삼성전자, 고성능 SSD '990 PRO' 4TB 출시(서울=연합뉴스) 삼성전자가 고성능 SSD '990 PRO' 시리즈의 4TB 제품을 출시한다고 7일 밝혔다. 사진은 삼성전자 SSD '990 PRO' 시리즈의 4TB 제품 이미지. 2023.9.7 [삼성전자 제공. 재판매 및 DB 금지] photo@yna.co.kr시장조사기관 옴디아에 따르면 올해 1분기 기준 삼성전자의 클라이언트 SSD 시장 점유율은 39.1%로, 소비자용 SSD 시장에서 2013년부터 전 세계 1위를 유지하고 있다.     최근 고사양 게이밍 또는 고화질 영상 녹화, 편집 등 대용량 그래픽 작업이 기하급수적으로 증가함에 따라 빠른 데이터처리가 가능한 고성능, 대용량 SSD가 필수적이다. 삼성전자는 고성능, 고용량 SSD 등으로 침체를 겪고 있는 낸드 시장의 확장을 이끈다는 계획이다.     옴디아에 따르면 PC에 탑재되는 SSD와 HDD의 매출은 올해 각각 87억달러, 16억달러에서 2027년 130억달러, 10억달러를 기록하며 매출 격차가 올해 6배에서 2027년 13배로 벌어질 전망이다.    이러한 고성능 SSD로의 전환은 고용량 SSD 수요 증가로 이어질 수밖에 없다.     옴디아는 PC에 탑재되는 SSD 중 4TB 이상의 고용량 SSD 비중이 올해 1% 수준에서 2027년 6%로 꾸준한 성장세를 보일 것으로 내다봤다.    삼성전자는 SSD 사용자를 위한 서비스도 강화한다. 삼성 매지션 소프트웨어는 SSD의 펌웨어, 드라이브 등의 설정을 최신 버전으로 유지하고, 사용자에게 맞는 전력·성능을 최적화한다.     삼성 매지션은 이달 SSD, 포터블 SSD, 메모리카드, USB 플래시 드라이브를 통합한 8.0 버전으로 업데이트될 예정이다.    손한구 삼성전자 메모리사업부 브랜드제품비즈(Biz)팀 상무는 ""4K 영상과 같은 고화질 콘텐츠와 초고속 데이터 처리는 지속적으로 증가하고 있고 이에 따라 고성능의 NVMe(비휘발성 메모리 익스프레스) SSD는 이제 선택이 아닌 필수""라고 말했다.    hanajjang@yna.co.kr
]",,
2023-09-07 17:48:16,"""삼성 반도체, 日 베꼈다""보도에 격노한 이병철, 달려간 곳은…",https://n.news.naver.com/mnews/article/003/0012076667?sid=101,"[
'미스터 칩' 진대제, 이병철과의 일화 공개별세 2달 전 반도체 공장 직접 방문""계단 오르다 넘어져 피나기도…유훈 남겨""



[서울=뉴시스]진대제(왼쪽) 전 정보통신부 장관이 7일 전경련TV를 통해 고(故) 이병철 삼성 창업회장과의 일화를 전했다. 오른쪽에 이병철 창업회장과 그의 말을 듣는 이건희 선대회장의 모습이 보이고 있다. (사진 = 전경련TV) photo@newsis.com  *재판매 및 DB 금지[서울=뉴시스]이현주 기자 = ""전 재산을 넣어서 반도체에 투자했는데, 우리가 남의 것을 베껴서 반도체를 만든단 말이야?""(이병철 삼성 창업회장)삼성전자에서 세계 최초 16메가 D램을 개발하며 반도체 신화라고 불리는 '미스터 칩' 진대제 전 정보통신부 장관이 7일 고(故) 이병철 삼성 창업회장과 일화를 전했다. 진 전 장관은 이날 전국경제인연합회에서 운영하는 유튜브 채널 '전경련TV'에 출연, 이 회장 별세 직전에 있었던 일을 말하며 눈시울을 붉혔다. 그는 ""이 회장이 우리나라가 반도체를 하면 좋겠다는 생각을 한 것이 올해로 딱 40년이 됐다""며 ""굉장히 어렵게 투자를 했다""고 회상했다. 삼성전자가 반도체 산업에 뛰어들고 4년이 지난 1987년 9월말쯤 폐암 투병 중이던 이 회장이 갑자기 삼성전자 기흥 반도체 기술원에 모습을 드러냈다는 전언이다. 당시 모든 일간지에 '한국의 반도체는 삼성전자를 포함해 일본 제품을 베껴서 만들었다'는 기사가 대대적으로 나왔고, 이 회장은 분노를 감추지 못했다. 진 전 장관은 ""그룹의 운명을 걸고 전 재산을 넣어서 반도체에 투자를 했는데, 우리가 남의 것을 베껴서 반도체를 만든단 말이냐""며 이 회장이 등장했다고 말했다. 당시 이 회장은 폐암 4기 말기였다. 진 전 장관은 ""거의 거동을 못하는 때였고, 차에서 내려서 계단을 올라가는데 계단 3개를 힘이 부쳐서 올라가질 못했다""며 ""기사가 옆에서 부축해줬는데도 넘어지고, 피가 났다""고 기억했다. 그는 ""마지막 나들이인데 그런 기사가 나니까 화도 나고, 마지막으로 자기가 챙겨야겠다고 온 것""이라며 ""이 회장은 '3공장은 잘 되어가나', '물은 다 가지고 왔나', '전기는 어떤가' 등 반도체 공장 상황을 직접 챙겼다""고 말했다. 그러면서 ""영국이 증기기관을 만든 다음 수백년간 기술 우위를 점하지 않았냐""며 ""내가 반도체를 투자한 것도 우리나라가 먹고 살 기반을 만들려고 한다고 말했다""고 전했다. 진 전 장관은 ""이 말을 들은 사람이 몇 명 없다. 일종의 유훈을 한 것""이라며 ""그래서 열심히 했다""고 울먹였다. 이 회장과의 일화를 전한 진 전 장관은 청년들에게 격려의 말도 남겼다. 그는 ""너무 바로 앞에 닥친 일에 좌절하지 말고, 멀리 보고, 자기 발전을 위해 열심히 도전하고, 결과에 감사하고, 더 큰 꿈을 향해 열심히 살길 바란다""고 말했다．
]",,
2023-09-06 12:00:00,"삼성, LG는 물론 경찰청까지…""블라인드 계정 팝니다""",https://n.news.naver.com/mnews/article/001/0014174755?sid=102,"[
프로그램 만들어 가짜 계정 100개 생성…4만∼5만원에 판매경찰관 사칭 '살인예고' 글에도 악용



구속영장 심사 위해 법정으로 향하는 경찰 사칭 살인예고글 피의자[연합뉴스 자료사진]    (서울=연합뉴스) 임순현 기자 = 대기업과 공공기관의 블라인드 게시판에 접속할 수 있는 가짜 계정을 판매한 IT업체 직원이 경찰에 검거됐다.    경찰청 사이버테러수사대는 올해 6월 말부터 8월 초까지 자체 개발한 프로그램을 이용해 블라인드 계정 100개를 만들어 판 혐의(정보통신망법상 침입·위계에 의한 업무방해 등)로 A(35)씨를 1일 검거했다고 6일 밝혔다.    A씨가 만든 가짜 계정은 삼성과 LG, SK 등 국내 주요 대기업뿐 아니라 경찰청, 교육부 등 공공기관까지 다양했다.    직장인 익명게시판으로 널리 쓰이는 블라인드 게시판은 해당 직장에 재직한다는 사실을 인증해야만 가입할 수 있어 신뢰도가 높았으나 실제로는 가짜 계정이 거래되고 있었던 셈이다.    A씨는 회사나 공공기관의 이메일 주소를 허위로 만든 뒤 자체 개발한 프로그램을 이용해 이 주소를 발송자로 위장한 가입인증 메일을 블라인드에 보내는 수법을 구사했다.    A씨는 이렇게 만든 가짜 계정을 개인 간 거래 사이트를 통해 개당 4만∼5만원에 팔아 약 500만원을 챙긴 것으로 드러났다.



블라인드 직장 인증 절차[경찰청 제공. 재판매 및 DB 금지]    A씨에게 경찰청 계정을 산 30대 회사원(구속)은 지난달 경찰청 블라인드 게시판에 '강남역 살인예고' 글을 올리기도 했다.    가짜 블라인드 계정 판매가 경찰관을 사칭한 범죄로 이어진 셈이다.    경찰은 비슷한 수법으로 생성된 계정이 더 있는지 확인하기 위해 블라인드에 관련 자료 제공을 요청했지만 거부당했다.    경찰은 블라인드가 자료 제공을 계속 거부할 경우 서버가 있는 미국에 형사사법공조를 요청해 압수수색 등 강제수사도 검토 중이다.    가짜 계정 구매자들이 블라인드에 접속했는지에 대해서도 블라인드에 사실확인 자료를 요청했다. 가짜 계정을 구매한 뒤 실제로 접속한 사실까지 확인돼야 정보통신망법상 침입 혐의를 적용할 수 있어서다.    구매자들은 취업 준비에 도움이 된다는 이유로 가짜 계정을 산 것으로 알려졌다.    hyun@yna.co.kr
]",,
2023-09-08 09:18:14,"삼성전자서비스·LG전자, 나란히 콜센터품질 '최우수'",https://n.news.naver.com/mnews/article/003/0012077356?sid=101,"[
한국표준협회 주관 '2023 콜센터품질지수(KS-CQI)'



[서울=뉴시스] 삼성전자서비스 임직원의 '2023콜센터품질지수(KS-CQI)' 가전제품 부문 최우수기업 선정 기념 촬영. (사진=삼성전자서비스) 2023.09.08. photo@newsis.com  *재판매 및 DB 금지[서울=뉴시스] 동효정 기자 = 삼성전자서비스와 LG전자가 가전 관련 콜센터품질 최우수기업으로 선정됐다. 삼성전자서비스와 LG전자는 한국표준협회가 주관하는 '2023 콜센터품질지수(KS-CQI)'에서 가전제품 부문 최우수 기업으로 뽑혔다고 8일 밝혔다. '콜센터품질지수'는 54개 업종, 217개 기업을 대상으로 콜센터 서비스품질 및 고객 만족도를 측정해 발표하는 제도다. 최우수기업은 업종에 관계 없이 전체 기업 중 평가 점수 최상위 10개 기업에만 부여된다.삼성전자서비스는 올해 주요 서비스품질 조사에서 1위를 석권하며 '국내 최고의 서비스 전문기업'을 입증했다. 삼성전자는 지난달 가전, 컴퓨터, 휴대전화 전 부문 1위에 선정됐다.삼성전자서비스는 전자제품 AS 업계의 원격진단 서비스 도입 및 발전을 선도하고 있다. 2000년 국내 최초 'IT(컴퓨터, 프린터 등) 제품' 원격진단 서비스를 도입에 이어 휴대전화, TV, 가전제품(냉장고, 세탁기, 에어컨 등)까지 대상을 확대했다.올해는 TV 원격 상담을 이용한 고객의 96%가 출장서비스 없이 ▲설정 변경 ▲SW 업그레이드 등 원하는 조치를 받았다. '생활가전 원격진단 시스템(HRM)'으로 냉장고, 세탁기, 에어컨 등 가전제품을 원격 점검 받은 고객도 전년 대비 약 3배 증가했다.2011년에는 업계 최초로 '시각장애인 전문상담'을 도입했으며, 작년 3월에는 청각 및 언어 장애 고객을 위한 '수어 상담'을 시작했다. 소비자전문상담사, CS리더스 등 전문 자격 취득을 지원하고 제품별 전문상담 스크립트, 상황별 공감 화법 등도 꾸준히 개발 중이다.



[서울=뉴시스] LG전자가 2023 콜센터 품질지수 최우수기업에 선정됐다. (사진=LG전자) 2023.09.08. photo@newsis.com  *재판매 및 DB 금지LG전자도 '2023 콜센터품질지수(KS-CQI)' 최우수기업으로 선정됐다.LG전자는 ▲차별적인 혜택과 부가적 서비스를 평가하는 '부가적 서비스' ▲상담사의 발음이나 속도, 소음 등을 평가하는 '물리적 환경' ▲고객의 말을 경청하거나 친절한 응대 등을 평가하는 '친절성' 등 항목에서 높은 점수를 받았다. LG전자는 초프리미엄 'LG 시그니처'를 구매한 고객을 위해 전담 상담사가 즉시 상담하는 '시그니처 전용 라운지'나 장애인, 시니어 등 사회적 약자를 위한 ▲수어 화상 상담 ▲시니어 전담 상담 ▲영상 상담 등을 제공한다. 콜센터에 전화할 때마다 매번 다른 상담 컨설턴트와 연결돼 불편하다는 고객의 목소리를 반영한 '직전 상담 컨설턴트 상담예약 ARS' 서비스도 차별화 요소다.또 제품의 고장 증상을 빠르게 이해하고 고객이 이해하기 쉬운 언어로 문제를 정확히 해결하기 위해 체계적인 교육 과정을 상시 진행하고 있다. 역량이 우수한 컨설턴트를 격려하기 위한 '스타 컨설턴트', 인증 제도 등을 운영해 전문성도 높였다.
]",,
2023-09-07 14:51:17,삼성전자 기흥캠퍼스 일대 공업지역 물량 4만 2584㎡ 추가 확보,https://n.news.naver.com/mnews/article/003/0012075985?sid=102,"[
반도체 연구·인력 유치...연구팹·연구 부대시설 조성 예정



  삼성전자 기흥캠퍼스 전경[용인=뉴시스] 이준구 기자 = 용인시 기흥구 농서동 삼성전자 기흥캠퍼스 확장을 위한 공업지역 물량 4만 2584㎡가 추가 배정됐다.7일 용인시와 산업통상자원부·국토교통부 등에 따르면 이번 삼성전자 기흥캠퍼스 일대 공업지역 물량 추가 확보로 차세대 반도체 등에 대한 삼성전자의 연구역량이 크게 강화될 전망이다.공업지역 물량은 산업통상자원부가 국가의 산업정책 발전을 위해 필요하다고 인정하는 지역을 대상으로 배정된다. 국토교통부는 대상 지역의 지방자치단체가 제출한 사업계획을 면밀하게 검토해 공업지역 물량 배정을 최종 결정한다.삼성전자는 이번에 확보한 4만 2584㎡ 규모의 공업지역 물량을 반도체 핵심연구 수행과 우수 연구인력 유치를 위한 첨단 연구팹(Fab)과 연구 부대시설 부지로 활용할 계획이다.삼성전자 기흥캠퍼스는 지난 7월 이동·남사 시스템 반도체 국가산업단지 후보지(삼성전자), 원삼면 용인반도체클러스터(SK하이닉스)와 함께 국가첨단전략산업(반도체) 특화단지로 지정된 데 이어 이번에 공업지역 물량을 확보함에 따라 캠퍼스를 확장하고 연구능력도 한층 강화할 수 있게 됐다.삼성전자는 이곳에 오는 2030년까지 총 20조원을 투자해 반도체 초격차 기술 주도권 확보를 위한 첨단 연구팹 등을 조성할 계획이다．
]",,
2023-09-08 07:39:22,대세된 OLED TV…삼성·LG 무상보증기간 제각각,https://n.news.naver.com/mnews/article/277/0005311240?sid=101,"[
			삼성·LG 등 국내 기업들이 만든 유기발광다이오드(OLED) TV 무상보증 기간이 모두 다른 것으로 나타났다.가전업체는 번인(Burn-in·장시간 TV를 켜 놓았을 때 화면에 잔상이 남는 것) 현상이 나타나는 OLED TV의 단점을 보완하기 위해 일정 기간 안에 문제가 생길시 OELD 패널을 새 것으로 교체해 주는 무상보증 정책을 두고 있다. OLED TV 선두 기업인 LG전자는 해당 제품에 대한 무상보증 기간을 한국은 2년, 미국·유럽은 최대 5년으로 정했다. 한국에서는 가전을 한번에 많이 구매한 고객을 VIP로 등록해 무상보증 기간을 2년에서 3년으로 1년 더 연장해주기도 한다.



미국, 유럽에서는 OLED TV 중에서도 시그니처 같은 프리미엄 라인에 해당할 경우 5년까지 무상보증이 가능하다. 과거 무상보증 기간이 1년이었지만 OLED TV 성장 속도가 빠른 미국, 유럽 고객들을 유인하기 위해 2021년 5년 무상보증 정책을 도입했다. LG전자는 한국과 미국·유럽의 OLED TV 보증기간이 다른데 대해 국가별 시장환경이 다르고 제품을 구매할때 포함되는 설치비 등 서비스비용이 다르다보니 무상보증 정책도 차이를 둘 수 밖에 없다는 입장이다.삼성전자는 한국은 2년, 미국은 1년을 무상보증 기간으로 정했다. 한국에서는 2년차까지 패널 무상 교체가 가능하고 3년차부터는 패널값의 5%, 4년차는 10%, 6년 이상은 70% 이상을 고객부담으로 한다. 업계에서는 한국 시장의 경우 OLED TV 시장 선두에 있는 LG전자의 무상보증 정책과 방향을 다르게 하기가 부담스러웠을 것이라고 보고 있다. 삼성전자는 LCD 패널이 들어가는 QLED TV를 주력 제품으로 밀다가 고객 저변 확대를 위해 LG디스플레이가 만든 패널을 탑재한 TV를 만들어 라인업을 다양화했다.



반면 미국 시장에서는 삼성전자 OLED TV 무상보증기간이 1년으로 짧다. LG전자가 5년까지 무상으로 패널을 교체해주고 있는 것과 비교하면 차이가 크다. 삼성전자는 미국에서 판매하는 가전제품에 대해 기본적으로 1년 무상보증을 적용하고 있는 만큼 OLED TV라고 큰 차이를 두지 않았다고 설명했다. 그러나 삼성전자는 주력제품인 QLED TV의 경우 번인현상에 대한 무상보증 기간을 10년으로 하고 있다. QLED TV는 번인현상이 거의 생기지 않는다는 의미다.OLED TV 무상보증 기간이 중요한 것은 번인 현상 때문이다. 번인은 장시간 TV를 켜 놓았을 때 화면에 잔상이 남는 현상을 말한다. 소비자들은 화면에 얼룩 같이 그림자가 지는 것을 발견하면 AS 접수를 한다. 통상적으로 TV를 구매한 후 3~5년쯤 흐르고 TV 시청 시간이 5000시간이 지나면 번인 현상이 나타나는 것으로 알려져 있다. 이로인해 OLED 패널을 장착한 게이밍 모니터가 등장하자 장시간 모니터를 켜 놓고 쓰는 게이머들은 번인 현상 때문에 구매를 주저하기도 한다는 이야기도 나왔다. 물론 제조사들은 소재 효율 개선 및 저전력 기술 등 다양한 노하우를 기반으로 잔상 방지 기능을 탑재하는 등 문제 해결을 위해 노력 중이다.한국 기업들이 선두에 선 OLED TV 시장이 커질수록 무상보증 기간에 대한 소비자들의 관심은 커질 수 밖에 없다. 시장조사기관 옴디아는 올해 상반기 전 세계 OLED TV 출하량이 239만200대라고 밝혔다. 옴디아는 TV 수요 침체 환경에서도 프리미엄 시장 내 OLED TV 점유율(금액 기준)이 작년 36.7%에서 올해 46.1%로 올라갈 것으로 전망했다.
]",,
2023-09-07 17:12:27,"강기정 시장 ""삼성, 고마운 파트너""",https://n.news.naver.com/mnews/article/421/0007036147?sid=102,"[




(광주=뉴스1) 박준배 기자 = 강기정 광주시장이 7일 오전 광산구 하남산단 삼성전자 광주제2캠퍼스 글로벌트레이닝센터에서 열린 '대중소상생형 스마트공장 킥오프' 행사에 참석해 김완표 삼성글로벌리서치 사장, 조종래 광주전남지방중소기업청장, 스마트공장 선정기업 CEO 등과 기념촬영하고 있다.(광주시 제공)2023.9.7/뉴스1
		]",,
2023-09-08 14:44:01,"퀄컴·삼성전자, 세계 최초 FDD 대역에서 업링크·다운링크 주파수 집성 동시 실행",https://n.news.naver.com/mnews/article/366/0000930579?sid=105,"[
			        퀄컴이 삼성전자와 세계 최초로 주파수 분할(FDD) 대역에서 5G 2개 업링크와 4개 주파수 다운링크 CA(주파수 집성 기술)를 동시에 실행하는 데 성공했다고 8일 밝혔다.이번 시험은 삼성전자의 최신 CA 기술을 지원하는 5G 듀얼밴드 및 트라이밴드 기지국 장비와 퀄컴의 ‘스냅드래곤 X75 5G 모뎀-RF 시스템’을 탑재한 모바일 폼팩터 테스트 단말기를 연동해 진행됐다. 그 결과 스냅드래곤 X75는 35메가헤르츠(㎒)의 5G 대역에서 업링크를 200Mbps 속도로, 75㎒의 5G 대역에서 다운링크를 1.3Gbps 속도로 동시에 구현했다.



세계 최대 모바일 칩셋 기업인 퀄컴이 삼성전자와 세계 최초로 주파수 분할(FDD) 대역에서 5G 2x 업링크와 4x 다운링크 캐리어 어그리게이션(CA)을 동시에 실행하는 데 성공했다고 8일 밝혔다./퀄컴 제공        이번 성공을 통해 파편화된 FDD 대역을 보유한 이동통신 사업자의 유연성을 높여 다양한 시장과 네트워크에서 더 많은 소비자에게 더 빠른 업로드 속도를 제공할 수 있게 됐다고 퀄컴은 설명했다. 특히 영상 업로드, 화상 회의, 소셜 미디어 공유, 클라우드 앱 등 업링크 사용량이 많은 애플리케이션의 이용자가 증가함에 따라 업링크 용량 확대에 대한 수요가 늘어나는 데 대응할 수 있을 것으로 기대했다.퀄컴은 “전 세계 더 많은 사용자에게 더 빠른 5G를 제공하기 위한 스냅드래곤 X75의 최신 이정표”라며 스냅드래곤 X75의 상용 단말기를 올해 하반기 출시할 예정이라고 말했다.
]",,
2023-09-07 18:18:21,"용인시-삼성전자, 국가첨단전략산업 특화단지 성공추진 업무협약",https://n.news.naver.com/mnews/article/003/0012076757?sid=102,"[
기흥캠퍼스 내 10만 9000㎡에 20조원 투자, 미래연구단지 조성



 업무협약식(좌측부터 최은용 반도체1과장, 이상일 용인시장, 송재혁 삼성전자 DS 부문 CTO,엄재훈 삼성전자 DS 부문 대외협력팀장).용인시 제공[용인=뉴시스] 이준구 기자 = 용인시와 삼성전자가 7일 국가첨단전략산업 특화단지로 지정된 기흥캠퍼스(122만 5000㎡) 내 ’미래연구단지(10만 9000㎡)‘의 성공적 조성을 위한 업무협약을 체결했다.이날 협약식에는 이상일 용인특례시장, 송재혁 삼성전자 DS 부문 CTO(사장), 엄재훈 삼성전자 DS 부문 대외협력팀장(부사장) 등 관계자 10여 명이 참석했다.협약에 따라 삼성전자는 기흥구 농서동 일원 삼성전자 기흥캠퍼스 내 10만 9000㎡(3만 3000여 평)에 20조원을 들여 ’미래연구단지‘를 조성한다.미래연구단지는 반도체 기술 혁신을 주도하는 핵심 기지 역할을 하게 되며 단지에는 메모리반도체와 시스템반도체 연구동, 반도체 연구와 테스트를 위한 R&amp;D FAB 등이 들어선다.시는 미래연구단지 조성에 필요한 각종 행정절차와 도로 등 인프라 확충 등을 지원한다.삼성전자는 지난 1983년 기흥캠퍼스를 완공, 1992년에는 세계 최초로 64M DRAM을 개발, 1993년에는 메모리 제품 세계 1위를 달성하며 반도체 초격차의 초석을 다져왔다.지난 7월에는 용인 첨단 시스템반도체 국가산업단지(이동·남사읍), 용인 반도체클러스터(원삼면)와 함께 반도체 부문 국가첨단전략산업 특화단지로 지정됐다．
]",,
2023-09-07 10:03:05,"삼성전자, '갤럭시Z폴드5 톰브라운 에디션' 공개.. 429만원",https://n.news.naver.com/mnews/article/014/0005068806?sid=105,"[




갤럭시Z폴드5 톰브라운 에디션. 삼성전자 제공 삼성전자가 톰브라운과 협업한 '갤럭시Z폴드5 톰브라운 에디션'을 7일 공개했다.   '갤럭시Z폴드5 톰브라운 에디션'은 삼성전자와 톰브라운의 네 번째 협업 제품이다. 역대 시리즈 중 가장 얇은 갤럭시Z폴드5 512GB 제품에 톰브라운의 디자인 철학을 결합해 창의성과 혁신의 조화를 담았다.    



갤럭시Z폴드5 톰브라운 에디션. 삼성전자 제공 '갤럭시Z폴드5 톰브라운 에디션'은 톰브라운 브랜드 고유의 빨간색, 흰색, 파란색 시그니처 패턴이 제품 후면에 패브릭 질감으로 표현됐다. 블랙 색상의 제품 프레임과 골드 색상의 힌지와 후면 카메라의 렌즈 테두리는 클래식하면서 고급스러운 느낌을 준다.   톰브라운의 감성을 담은 특별한 사용자경험(UX) 테마도 탑재됐다. 사용자는 제품의 전원을 켜는 순간부터 톰브라운의 시그니처 패턴 디자인을 만날 수 있다. 잠금화면, 배경화면, 앱 아이콘 등에도 톰브라운 디자인이 적용됐다.    



갤럭시Z폴드5 톰브라운 에디션. 삼성전자 제공 '갤럭시Z폴드5 톰브라운 에디션'에는 '갤럭시워치6 40㎜ 블루투스' 모델이 포함돼 있다. '갤럭시워치6 40㎜ 블루투스' 모델은 고급스러운 골드 색상을 적용하고 톰브라운 디자인의 워치 페이스를 탑재했다. 톰브라운의 패턴 디자인이 적용된 스마트폰 충전기와 갤럭시워치6 충전기, 워치 스트랩 2종이 함께 제공된다. 또한 톰브라운 디자인이 적용된 블랙 색상의 가죽 케이스 2종과 노트 필기와 아이디어 구상을 위해 편리하게 사용할 수 있는 'S펜 폴드 에디션', 파우치 등도 포함됐다.   '갤럭시Z폴드5 톰브라운 에디션'은 한국을 포함한 일부 국가에서 한정 수량으로 판매된다. 국내의 경우 온라인 추첨을 통해 판매가 진행된다. 가격은 429만원이다.    



갤럭시워치6 톰브라운 에디션. 삼성전자 제공 구매를 원하는 소비자는 오는 12일 오전 10시부터 오후 5시까지 삼성전자 홈페이지를 통해 응모할 수 있다. 당첨자는 13일 오전 9시 발표되며 제품 배송은 14일부터 순차적으로 진행된다.   패션 디자이너 톰브라운은 ""갤럭시Z폴드5 톰브라운 에디션은 수년간 삼성전자와 함께 진행해 온 협력의 결과물""이라며 ""최신 기술과 혁신적인 디자인이 만났을 때 자기 표현의 도구가 될 수 있다는 것을 보여주는 궁극의 예시""라고 말했다.   삼성전자 MX사업부 마케팅팀장 최승은 부사장은 ""현대 패션의 선구적 브랜드 톰브라운과 삼성전자가 협업을 지속하게 돼 기쁘게 생각한다""며 ""갤럭시Z폴드5 톰브라운 에디션은 폴더블의 사용성과 자기 자신을 특별하게 표현하길 원하는 고객에게 큰 만족을 드릴 것""이라고 밝혔다.
		]",,
2023-09-06 21:32:09,규제 철퇴에 구글·애플 '초비상'…삼성 빠진 '결정적 이유',https://n.news.naver.com/mnews/article/015/0004888657?sid=104,"[
EU '규제 철퇴' 맞은 美·中 빅테크'디지털시장법' 삼성은 제외애플·알파벳 등 6개사 확정이 기사는 국내 최대 해외 투자정보 플랫폼 한경 글로벌마켓에 게재된 기사입니다.



유럽연합(EU)이 디지털시장법(DMA)의 규제 대상으로 미국 애플 등 6개 기업을 지정했다. 한국의 삼성전자는 제외했다. DMA는 빅테크(대형 기술기업)의 독점적 지위 남용을 제한하기 위한 법안이다. EU 집행위원회는 DMA의 게이트키퍼(규제 대상 플랫폼 기업)로 미국 알파벳(구글 모회사), 아마존, 애플, 메타, 마이크로소프트(MS), 중국 바이트댄스를 확정했다고 6일 발표했다. DMA에 따라 내년 3월부터 이들 기업의 22개 서비스가 EU의 규제 대상인 ‘핵심 플랫폼 서비스’가 된다. 틱톡 인스타그램 등 소셜미디어, 구글 안드로이드와 애플 iOS 등 운영체제(OS)가 포함됐다. 알파벳은 서비스 8종이 규제 대상으로 지정됐다.게이트키퍼로 지정된 기업은 핵심 플랫폼 서비스에서 확보한 개인 정보를 다른 사업에서 활용하는 행위가 금지되는 등 제한을 받게 된다. 구글과 애플은 앱스토어를 개방해야 한다. 이를 어길 경우 EU는 최대 연간 매출의 10%를 과징금으로 부과할 수 있다. 위반이 반복되면 과징금률이 20%로 올라간다.삼성전자는 ‘잠재적 게이트키퍼’ 중 하나로 지난 7월 EU 집행위에 주요 서비스 내용을 보고했으나 최종 명단에서는 빠졌다. EU 집행위는 “삼성전자가 자사의 인터넷 브라우저가 규제 대상에 해당하지 않는다는 근거를 충분히 제시했다”고 설명했다.DMA 입법 초기 과정에서 삼성전자는 EU의 사정권 밖에 있다가 법안이 구체화하는 과정에서 인터넷 브라우저가 규제 범위에 포함돼 상황이 바뀌었다. 갤럭시 스마트폰에 기본적으로 삼성 인터넷 앱이 들어가기 때문이다. 하지만 최종적으로 EU 집행위를 설득하는 데 성공하면서 규제를 피할 수 있었다. 구글의 지메일과 MS의 아웃룩도 삼성전자와 같은 이유로 규제 대상에서 빠졌다.EU가 규제 범위를 더 확대할 가능성도 있다. EU 집행위는 애플의 아이메시지와 아이패드 OS, MS의 빙·엣지·광고를 핵심 플랫폼 서비스로 지정할지 여부를 추후 확정 짓기로 했다.빅테크들이 이번 결정에 반발해 법적 조치를 할 가능성도 있다. 바이트댄스는 “EU의 이번 결정에 동의하지 않으며 향후 조처를 검토하겠다”고 반발했다.애플, 자사 앱스토어 개방…수수료 수익 줄어들 가능성틱톡·유튜브·인스타도 정조준…삼성은 제조사로 분류한 듯



유럽연합(EU)이 내년 3월부터 시행하는 디지털시장법(DMA)은 세계 빅테크 기업 사이에서 초미의 관심사였다. DMA의 규제 대상이 되면 EU 역내에서의 사업 활동에 큰 제약을 받을 수 있기 때문이다.EU 집행위원회가 6일 공개한 ‘게이트키퍼’(DMA상 규제 대상 기업)는 구글 모회사 알파벳, 아마존, 애플, 메타, 마이크로소프트(MS) 등 5개 미국 기업과 중국 바이트댄스 등 총 6개다. 이들의 주요 사업 22종이 ‘핵심 플랫폼 서비스’로 지정돼 EU의 감시를 받게 된다. SNS는 틱톡 페이스북 인스타그램 링크트인, 운영체제(OS)에서는 구글안드로이드·iOS·윈도 PC OS, 유튜브(동영상), 구글서치(검색) 등이다.DMA의 목적은 대형 플랫폼 기업의 시장 지배력 남용 방지다. EU는 게이트키퍼 지정 기준으로 △플랫폼의 EU 활성 사용자가 월 4500만 명 이상 또는 기업 고객사 1만 곳 이상 △EU 회원국 3곳 이상에서 서비스 △지난 3년 동안 역내 연매출이 75억유로, 시가총액 750억유로 이상 등을 내걸었다. 이 조건을 충족하지 않더라도 플랫폼의 지배력이 인정되면 EU가 게이트키퍼로 지정할 수 있다.게이트키퍼로 지정된 기업은 EU 역내에서 자사의 플랫폼에 유리하도록 사업을 할 수 없다. 플랫폼에서 취득한 개인 정보 사용에도 제약이 생긴다. 또 다른 기업의 서비스를 자사 플랫폼에서 운용할 수 있도록 해야 한다.삼성전자는 EU 집행위에 지난 7월 ‘잠재적 게이트키퍼’ 자격으로 주요 플랫폼 서비스에 대해 보고한 7개 기업 중 유일하게 게이트키퍼로 지정되지 않았다. 그동안 업계에서는 삼성전자가 게이트키퍼로 지정되는 건 합당하지 않다는 분석이 나왔다. 삼성전자는 플랫폼을 운영하는 빅테크 기업이 아니라 ‘제조사’기 때문이다. 한편 경쟁사인 애플이 게이트키퍼로 지정돼 앱스토어, 사파리, iOS에서 규제를 받게 되면서 삼성전자가 반사 이익을 누릴 것이란 전망도 나온다. 애플은 EU 역내에서의 활동에 제약을 받고, 앱스토어 수수료 수익도 감소할 가능성이 크다. 애플이 앞으로 자사 앱스토어를 개방해야 해서다.삼성전자의 경우 갤럭시 스마트폰에 적용된 브라우저인 삼성 인터넷 앱이 DMA의 제재 요건에 해당할 수 있다는 전망이 나왔다. EU에서 삼성전자의 스마트폰 시장 점유율은 1분기 기준 34%로 1위다. 하지만 EU 집행위는 삼성전자가 든 근거를 볼 때 핵심 플랫폼 서비스에 해당하지 않는다고 최종 판단했다.EU는 게이트키퍼 지정 기업들이 DMA를 준수하기 위한 준비 기간으로 6개월간 유예를 부여하고, 내년 3월부터 본격적인 규제를 시작할 예정이다. 게이트키퍼 기업이 법을 어기면 연매출의 10%까지 과징금을 매길 수 있다. 반복적으로 위반할 경우 EU는 연매출의 20%까지 과징금을 부과할 수 있다.또 EU가 조직적인 침해를 저지르고 있다고 판단하면 게이트키퍼 기업에 사업 일부를 매각하도록 하는 등 강력한 제재를 할 수 있다. 업계에서는 DMA에 불복해 빅테크 기업들이 소송을 벌일 수도 있다는 전망이 나온다.
]",,
2023-09-08 11:55:01,마이크로 LED 멀고 중화권 LCD는 바짝…삼성전자 TV 딜레마,https://n.news.naver.com/mnews/article/119/0002747278?sid=101,"[
프리미엄 출구전략은 OLED·마이크로 LED두 제품 모두 중화권 LCD 패널 의존 해결사마이크로 LED는 높은 제조원가 극복이 과제



Neo QLED 8K 85형ⓒ삼성전자[데일리안 = 조인영 기자] 프리미엄TV 시장에서 삼성전자가 향후 중장기 전략에 변화를 줄 지 관심이다. QLED(8K·네오 포함)를 앞세워 17년 연속 1위 자리를 놓치지 않고 있지만 중화권 업체들과 차별화를 위해 OLED(유기발광다이오드), 마이크로 LED 라인업에 변화를 줄 것이라는 전망이 나온다.마이크로 LED는 생산비용이 높다는 것이 단점이나, 차기 전략 디스플레이로 꼽히는 만큼 지속 개발에 나설 예정이다. 마이크로 LED 대중화까지는 당분간 QLED와 OLED TV 중심 판매 전략이 예상된다.8일 업계에 따르면 삼성전자는 초대형과 프리미엄 제품을 중심으로 역성장 중인 TV 시장에 대응해 나가기로 했다. 올해 더 커진 98형(8K, 네오 QLED, QLED) TV 라인업을 선보인 것이 대표적이다. 100인치대 이상 출시도 검토하기로 했다. 크기와 화질이라는 두 마리 토끼를 모두 잡아 현재와 같은 글로벌 위상을 유지하겠다는 계획이다.크기와 품질은 중화권 업체들도 공을 들이는 부분으로, 중국과의 격차를 벌리기 위해서는 TV 전략에 변화를 줘야 한다. 특히 삼성의 주력 제품인 QLED는 중국 LCD(액정디스플레이)를 기반으로 하고 있어 돌파구가 필요한 상황이다. QLED는 프리미엄급 LCD 패널를 개선한 제품으로, 이를 한 단계 진화시킨 것이 네오(Neo) QLED TV다.실제 삼성전자는 CSOT, AUO, BOE 등 주로 중국업체로부터 디스플레이 패널을 공급받고 있다. 상반기 매입액만 1조9521억원으로 작년 연간으로는 6조원에 달한다. LG디스플레이 LCD 물량도 일부 받고는 있지만 이 회사가 LCD 철수 수순을 밟고 있는 만큼 중국 패널 제조사 의존도는 더 높아질 전망이다.TV 수요 부진 속 중국산 의존도 심화라는 숙제를 풀기 위해 삼성은 올해 초 OLED TV를 재출시하며 라인업 다각화에 나섰다. OLED 물량을 늘리기 위해 패널 공급사로 삼성디스플레이(QD-OLED) 외에 LG디스플레이(W-OLED)를 새롭게 추가했다.업계 안팎에서는 삼성전자가 삼성디스플레이 보다 대형 OLED 생산능력이 월등한 LG디스플레이 패널 공급량을 대폭 늘릴 것이라는 전망을 내놓는다.김동원 KB증권 연구원은 삼성전자의 내년 OLED TV 출하 비중이 전체 TV의 10%(400만대)에 달할 것으로 봤다. 일각에서는 향후 몇 년간 LG디스플레이의 공급 규모가 300~500만대가 될 것으로 전망한다.이런 예측으로 미뤄볼 때 삼성의 OLED TV 물량은 늘리면 늘렸지 현상유지에 머물 가능성은 적다. 중국 LCD 패널 의존도 문제 외에도, OLED 시장 성장세를 감안하면 당연한 수순이다.옴디아는 OLED TV가 2023년 835만대에서 2026년에는 1104만대로 가파른 성장세를 나타낼 것으로 봤다. 반면 LCD TV는 같은 기간 2억30만대에서 2억86만대로 성장률에 차이가 있다. 특히 500달러 이상 프리미엄 TV 시장에서 OLED 점유율(매출 기준)은 2022년 36.7%에서 내년 50%를 돌파가 예상된다.출구전략으로 OLED를 택한 만큼 QLED는 축소해 OLED와 QLED 비중이 수 년안에 역전될 것이라는 전망이 나온다. 남상욱 산업연구원 부연구위원은 ""OLED가 TV 시장에서 중요성이 커지는 상황에서 삼성은 QLED 비중을 점진적으로 축소할 것""이라고 언급했다.



삼성전자 모델이 98형 Neo QLED 8K (QNC990) 신모델을 소개하는 모습ⓒ삼성전자이렇게 되면 주력 제품도 앞으로 네오 QLED가 아니라 OLED를 밀 수 있다. 현재는 그다지 많지 않은 OLED TV가 QLED 수준으로 물량이 늘어나면 가능한 시나리오다.삼성의 또 다른 출구 전략은 마이크로 LED다. 삼성의 최상위 TV 라인업인 마이크로 LED는 마이크로미터(㎛) 단위의 LED가 백라이트나 컬러필터 없이 스스로 빛과 색을 내 최상의 화질을 구현하는 초프리미엄 스크린이다.정강일 삼성전자 영상디스플레이사업부 차세대기획그룹 상무는 1일(현지시간) 독일서 열린 'IFA 2023'에서""수 년전부터 마이크로 LED를 차기 전략 디스플레이로 여기고 있다. 현존하는 디스플레이의 단점과 제약을 극복할 수 있는 솔루션""이라고 언급해 앞으로도 마이크로 LED 개발을 지속하겠다는 전략을 밝혔다.마이크로 LED는 삼성전자가 자체 생산하고 있는 만큼 대중화만 된다면 타사 패널 의존 문제에서 자유로워질 수 있다.다만 상용화까지는 갈 길이 멀다. 마이크로 LED가 OLED나 QLED처럼 대량 생산이 쉽지 않기 때문이다. 마이크로 LED는 LED를 이어붙이는 방식으로 제조하는 데 시간이 걸릴 뿐더러, 붙이는 과정에서 손실이 발생하기 쉬워 수율(양품 비율)도 낮다. 이 LED 칩을 기판에 옮겨심는 전사(Mass Transfer) 공정은 그래서 가장 큰 기술장벽으로 손꼽힌다. 고장 시 복구하는 것은 또 다른 문제다.가장 큰 문제는 제조원가다. 마이크로 LED가 대중화 되려면 적어도 OLED TV 수준으로 가격이 떨어져야 한다. LCD TV가 수 십만원, OLED TV가 몇 백만원 수준이라면 마이크로 LED는 억대에 달한다. OLED와 LCD도 격차가 있는 상황에서 마이크로 LED가 경쟁력을 갖추려면 최소한 1000만원 이하로 가격이 낮아져야 한다.백선필 LG전자 HE사업본부 상품기획담당 상무가 2일(현지시간) IFA 2023 행사에서 ""1000만원 아래가 아니라면 시장은 잘 크지 않는다. 마이크로 LED는 시간이 꽤 걸릴 것""이라고 언급한 것도 이 때문이다.중국 역시 마이크로 LED 개발에 나서고 있는만큼 차별화도 필요하다. 전문가들은 LED 칩을 직접 제조하고 있는 중국은 향후 전사 기술도 개선될 가능성이 다분한 만큼 한국이 무조건 우위에 있다고만 볼 수 없다고 말한다.결국 삼성전자로서는 마이크로 LED 기술 및 비용 문제를 해결할 때까지는 OLED·QLED를 중심의 TV 전략을 가져갈 것으로 예상된다. 현재는 비용 문제 난관이 크지만 일단 대중화만 된다면 디스플레이업계에 의존하지 않고도 글로벌 시장 장악이 가능해 지속적으로 시장 어필에 나설 것으로 보인다.한편 일각에서는 삼성이 마이크로 LED 개발 속도를 내는 데 무리하지는 않을 것이라는 의견을 내놓는다. 중화권 업체들의 지나친 LCD 투자로 공급과잉인 상황에서 삼성이 가격 협상에서 밀릴 가능성이 상당히 적다는 이유다.한 업계 관계자는 ""삼성은 한·중 다수의 중·대형업체와 디스플레이 계약을 하면서 패널 가격을 조절하고 있다""며 ""LCD 공급이 넘치는 상황에서 삼성이 밀리는 협상을 할 이유가 없다. 이는 OLED에서도 비슷한 전개가 예상된다""고 말했다.
		]",,
2023-09-08 11:24:17,"'현존 최고 사양' TV 전략, 삼성과 LG는 다르게 간다",https://n.news.naver.com/mnews/article/003/0012077800?sid=101,"[
삼성 ""초대형 계속 성장…100형 이상도 검토""LG ""100형 이상 글로벌 시장성 없다…中내수용""'현존 최상' 마이크로 LED에 대한 평가도 엇갈려



[베를린=뉴시스]삼성전자가 1~5일 독일 베를린에서 열리는 IFA 2023에 참가했다. 한 독일인 가족이 삼성전자 전시관을 방문해 전시를 둘러보고 있다. (사진 = 삼성전자) 2023.9.2. photo@newsis.com *재판매 및 DB 금지[서울=뉴시스]이현주 기자 = 코로나 엔데믹으로 인한 TV 수요 감소로 올해 글로벌 TV 시장이 역성장할 전망이지만, 초대형·프리미엄 제품은 지속적으로 성장할 것이라는 예상이 나오고 있다. 이에 따라 삼성전자와 LG전자는 초대형·프리미엄 제품 리더십 강화로 글로벌 선두 자리를 지키겠다는 방침인 가운데, 세부 내용은 달라 눈길을 끈다. 8일 시장조사기관 옴디아에 따르면 올해 글로벌 TV 전체 시장은 965억 달러(약 128조6000억원)로 전년 대비 5.8% 역성장이 예상된다. 단 초대형과 프리미엄 제품은 지속 성장하고 있다. 글로벌 TV 평균 크기는 매년 증가하고 있으며 올해 49형, 2025년 50형 돌파가 예상된다. 70형 이상 대형TV 사이즈의 매출 점유율은 2019년 10.2%에서 지난해 20.2%로 3년 만에 20%를 돌파했으며 2027년에는 26.3%에 이를 전망이다. 반면 50형 이하 사이즈의 매출 점유율은 감소세를 보이고 있다. 삼성전자는 올 상반기 글로벌 TV 시장에서 매출 기준 점유율 31.2%로 1위를 달성했다. LG전자는 16.2%로 2위를 차지했으며, 중국 TCL 10.2%, 하이센스 9.5% 등이 뒤를 이었다. 올 상반기 75형 이상 초대형 시장에서도 삼성 36.5%, LG 15.0%, TCL 12.0%, 하이센스 11.7% 등의 순이었다.



[베를린=뉴시스]삼성전자 영상디스플레이사업부 차세대기획그룹 정강일 상무가 1일(현지시간) IFA가 진행 중인 메세 베를린에서 브리핑을 갖고 있다. (사진 = 삼성전자) 2023.9.3. photo@newsis.com *재판매 및 DB 금지삼성 ""초대형 계속 성장…100형 이상도 검토""삼성전자는 초대형·프리미엄 제품과 관련한 다양한 기술을 지속적으로 개발하고 이를 소비자들이 쉽게 사용할 수 있도록 최적화해 경쟁력을 유지한다는 전략이다. 올해 들어 삼성은 8K, Neo QLED, QLED 3개 모델에서 98형을 내놓으며 초대형 TV 라인업을 확대했다. 나아가 100형 이상 모델도 검토 중이다. 정강일 삼성전자 영상디스플레이사업부 차세대기획그룹 상무는 최근 독일 베를린 IFA 2023에서 ""큰 것에 대한 인간의 욕망은 끝이 없고, 초대형은 계속 성장할 것이라고 본다""며 ""100인치대 이상 TV도 검토하고 있다""고 밝혔다. 차세대 디스플레이로 밀고 있는 마이크로 LED에서도 올해 89형을 출시했으며, 향후 더 확대한다는 계획이다. 마이크로 LED는 기존 올레드(OLED·유기발광다이오드)보다 고화질에 에너지 효율이 높은 차세대 디스플레이 소자다. 초고화질에 색감 구현이 뛰어나 영상 속 질감까지 느낄 수 있어 현존하는 최상급 기술 집약체로 평가받고 있다. 올레드와 달리 번인(영구적 잔상) 걱정이 없으며, 100인치 이상 TV 대형화는 물론 소형화에도 유리하다. 단 제조 원가가 비싸 가격이 지나치게 비싼 것이 단점이다. 실제 삼성전자가 출시한 마이크로 LED 110형 가격은 현재 1억7000만원 수준이다. 정 상무는 ""우리가 생각했던 것보다 상용화를 할 수 있는 가격 진입 단계가 길어지고 있지만, 마이크로 LED 기술의 혁신성을 고려하면 충분히 경쟁력이 있다""며 ""빨리 일반 고객들도 충분히 구매할 수 있는 가격으로 활용할 수 있도록 노력하고 있다""고 말했다.



[서울=뉴시스] 조성봉 기자 = 지난 1일(현지시간) 독일 베를린에서 개막한 유럽 최대 가전·IT 전시회 IFA 2023을 찾은 관람객이 LG전자 신개념 포터블 스크린 'LG 스탠바이미 고'를 살펴보고 있다. (사진=LG전자 제공)2023.09.03. photo@newsis.com *재판매 및 DB 금지LG ""100형 이상 글로벌 시장성 없다…중국 내수용""LG전자도 자사의 강점인 올레드를 중심으로 초대형·프리미엄 제품군을 강화한다. 단 삼성과 다른 점은 100형 이상을 검토하고 있지 않다는 것이다. 백선필 LG전자 HE사업본부 상품기획담당 상무는 최근 IFA에서 ""100인치 이상 시장은 글로벌에서는 보이지 않는다""며 ""100인치 아래에서 시장이 형성돼 있다""고 밝혔다. 올해 IFA에서 중국 업체들이 115인치 등 초대형 TV를 대거 선보이긴 했지만 대부분 내수용이라는 판단이다. 백 상무는 ""중국 초대형 물량의 70% 이상이 중국 내에서 팔리고 있다""며 ""중국 별장 등에서 주로 팔린다는데, 우리는 중국 별장을 노리기보다는 글로벌 헤게모니를 좀 더 치고 나가야겠다는 생각""이라고 말했다. 100인치가 넘어갈 경우 당장 배송에도 문제가 많다는 설명이다. 그는 ""97, 98형 구매자들의 얘기를 들어보면 절반 정도는 운송할 때 사다리차를 이용한다고 한다""며 ""아무리 제품을 얇게 만들어도 대각선으로 엘리베이터에 실리지 않으면 대책이 없다""고 말했다.



[베를린=뉴시스]LG전자 HE사업본부 상품기획담당 백선필 상무가 2일(현지시간) 메세 베를린에서 TV테크 브리핑을 하고 있다. (사진 = LG전자) 2023.9.3. photo@newsis.com *재판매 및 DB 금지마이크로 LED의 경우 시장에서 상용화되는 데 5년 이상이 걸릴 것으로 봤다. 백 상무는 ""마이크로 LED는 물론 매력적인 기술이고 우리도 그걸 극복하는 기술을 개발하고 있지만 아직 약점이 있다""며 ""1억원이면 차를 바꾸지 누가 TV를 바꾸겠냐""고 반문했다. LG전자는 97형으로 LG 시그니처 올레드 M과 올레드 에보 G시리즈를 선보이며 초대형 리더십을 강화하고 있다. 특히 LG 시그니처 올레드 M은 세계 최초 무선 올레드 TV로 이번 IFA에도 전시해 관람객들의 주목을 받았다. 백 상무는 ""우리도 초대형을 준비하고 있다""며 ""한 대를 팔아도 올레드 65인치보다는 83인치, 77인치보다는 97인치를 파는 게 더 나은 건 당연하다""고 말했다. 이어 ""98인치는 고객이 살 수 있는 수준으로 시장이 형성될 것 같다""며 ""그 시장에 대한 준비는 하고 있다""고 밝혔다．
]",,
2023-09-06 18:51:06,EU 디지털시장법 규제 대상서 삼성 제외…애플 등 6개사 확정,https://n.news.naver.com/mnews/article/015/0004888613?sid=104,"[




사진=임대철 기자유럽연합(EU)의 디지털시장법(DMA) 규제 대상에 삼성전자는 제외됐다. DMA는 빅테크(대형 기술기업)의 독점적 지위 남용을 제한하기 위한 법안이다. 애플, 구글, 메타 등 6개 사는 규제 대상이다.EU 집행위원회는 DMA의 규제 대상을 뜻하는 게이트키퍼 기업 6곳을 확정해 6일 발표했다. 게이트키퍼는 일정 규모 이상인 대형 플랫폼 사업자를 뜻하며, 지정되면 DMA에 따라 시장 지배력을 남용하는 행위에 대한 규제를 받게 된다.EU 집행위는 알파벳, 아마존, 애플, 바이트댄스, 메타, 마이크로소프트(MS) 등 6개 기업의 소셜미디어 플랫폼과 앱 장터, 운영체제(OS) 등 22개 서비스를 규제 대상으로 지정했다. 이들 기업은 앞으로 6개월 유예기간이 적용되고, 내년 3월부터 본격적인 규제를 받는다. 의무를 어길 경우 연 매출의 최대 10%를 과징금으로 내야 하고, 반복 시 20%까지 상향 조정될 수 있다.지난 7월 삼성 등 7개 사는 DMA의 잠재적 규제 대상이라고 자진 신고했다. 이 중 삼성만 최종명단에서 빠졌다. EU 집행위는 삼성이 게이트키퍼에 해당하지 않는다는 점에 대해 충분한 논거를 제공했다고 설명했다.
]",,
2023-09-08 08:38:23,"삼성증권, 한화솔루션 목표가↓…""하반기 실적 전망 하향""",https://n.news.naver.com/mnews/article/001/0014179397?sid=101,"[




한화솔루션[OCI 제공. DB 및 재판매 금지]    (서울=연합뉴스) 송은경 기자 = 삼성증권은 8일 한화솔루션의 하반기 실적 전망치를 내려 잡으며 목표주가도 5만3천원에서 4만9천원으로 약 8% 하향 조정했다.    조현렬 삼성증권 연구원은 이날 종목 보고서에서 ""최근 한화솔루션이 3분기 태양광 사업부에 대한 가이던스(전망치)를 하향했다""며 ""직전 분기 대비 유사한 수준을 예상했던 3분기 가이던스는 50∼60% 하향으로 수정됐다""고 밝혔다.    조 연구원은 ""가이던스 하향은 일부 이연에 따른 발전사업 매출 전망치 하향, 신규사업인 분산발전사업에서의 일회성 비용 증가, 원료가 하락에 따른 모듈 제조사업의 부정적인 '래깅'(원재료 투입 시차) 효과 확대에 기인했다""고 설명했다.    가이던스 하향을 고려한 3분기 영업이익은 전 분기 대비 49% 감소한 998억원으로 추산돼 컨센서스(실적 전망치 평균)인 2천50억원을 대폭 밑돌 것으로 예상됐다.    다만 조 연구원은 한화솔루션의 수익성은 다음 달부터 빠르게 회복할 것으로 내다봤다.    그는 ""지난달 모듈 수출단가는 ㎏당 5달러로 전월 대비 1% 상승해 3월 이후 처음으로 반등했다""며 ""반면 웨이퍼 수입단가는 ㎏당 34.9달러로 전월 대비 16% 추가 급락했다""고 짚었다.    그러면서 ""원재료 구매와 투입의 시차 효과를 고려하면 수익성은 7월 수입 원재료가 투입될 10월부터 빠르게 회복될 전망""이라고 부연했다.    조 연구원은 ""현재 주가(전날 종가 3만3천500원)는 3년 만에 가장 낮은 수준으로 4분기 회복에 대한 기대감이 반영되지 않았다""며 ""수출입 데이터상 10월부터 회복을 예상하기에 투자 의견은 '매수'를 유지한다""고 덧붙였다.    norae@yna.co.kr
]",,
