date,title,link,content,newspaper,thumbnail_link
2023-09-08 08:10:10,"""이 정도면 에코프로가 아니라 에코포로다""…개미들 '패닉'",https://n.news.naver.com/mnews/article/015/0004889411?sid=101,"[
150만원 찍은 주가, 한 달 반 만에 100만원으로에코프로 3사 시총, 이달만 10조3039억 증발""비정상의 정상화"" vs ""추세적 하락으로 보긴 일러""



사진=한경DB'에코프로는 무적'이라는 투자자들의 믿음에 금이 가고 있다. 황제주(주당 가격 100만원 이상)에 안착한 듯 보였던 에코프로의 주가가 쭉쭉 빠지고 있어서다. 지난 5거래일 동안의 낙폭이 무려 20% 수준이다. 7월 말 150만원대 사상 최고가를 찍은 주가가 한 달 반 만에 장중 황제주 자리를 반납하는 처지가 되면서, 추세가 꺾였다는 신호로 보는 시각이 힘을 받고 있다.8일 한국거래소에 따르면 '코스닥 사상 5번째 황제주'라는 기록을 쓴 에코프로는 전날 4.19% 내린 100만6000원에 거래를 마쳤다. 간신히 황제주 자리는 지켜냈지만, 장중 한때 99만7000원까지 밀려나기도 했다. 에코프로 주가가 장중 100만원을 밑돈 것은 지난 7월 28일 이후 처음 이다. 이날 에코프로비엠(-3.99%)과 에코프로에이치엔(-3.59%)의 주가도 하락했다. 하루 만에 이들 세 회사의 시가총액 감소분을 합치면 2조4000억원에 달한다. 기간을 늘려 이달 들어서 증발한 금액을 살펴보면 10조원을 웃돈다. 기업별 9월 들어 증발한 시총 금액은 에코프로비엠(5조2064억원), 에코프로(4조9491억원), 에코프로에이치엔(1484억원) 순이다. 이달 들어 전일까지 5거래일 동안 세 기업의 주가는 매일 하락했다.종목 토론실 등에는 개인 투자자들이 '이 정도면 에코프로가 아니라 에코포로다',  '더이상은 못견디겠다, 17% 손실 보고 포기한다' 등의 의견을 남겼다. 반대로 '하락하면 오히려 추가매수할 수 있어서 좋다' 등 주가 하락을 매수 기회로 삼겠다는 얘기도 있다.실제 시장에서는 수급에서 방향성을 잃은 투자자들이 급격히 빠져나가고 있다. 최근 한 달간 개인 투자자는 에코프로를 1조원 넘게 순매도했고 해당 물량 대부분을 외국인 투자자가 받아냈다. 반면 에코프로와 에코프로에이치엔에 대해선 개인들이 각각 2246억원, 351억원 사들이며 매수 우위를 보였다.



에코프로비엠 본사 사진=한경DB향후 에코프로 3사의 주가 향방은 어떨까. 연일 하락세를 타는 주가에 투자자들의 불안이 증폭되는 가운데 여의도 진단은 엇갈리고 있다.정원석 하이투자증권 연구원은 현재의 상황을 '비정상의 정상화'로 표현했다. 정 연구원은 ""국내 이차전지 업종 주가는 올해 초부터 양극재 업체들을 중심으로 가파른 상승세를 나타냈다""면서도 ""기존 중장기 생산능력 계획이나 실적 추정치 등을 감안해도 주가가 비정상적으로 급등했다. 때문에 지금의 주가 하락세는 밸류에이션이 비정상에서 정상으로 가는 과정이라고 읽을 수 있다""고 강조했다.자산운용사 한 펀드매니저도 ""에코프로 주가 상승에는 미국 시장에 대한 기대감이 선반영된 것인데 최근 북미향 배터리 공급을 보면 뚜렷한 수치로 검증되진 못하고 있다""면서도 ""잠재력은 확실하지만 단기적으로는 조정이 불가피해 보인다""고 말했다.지금의 약세가 추세적으로 이어지진 않을 것이란 낙관론도 있다. 한 헤지펀드 운용사 대표는 ""에코프로비엠도 빠지고 있긴 하지만 에코프로 약세는 에코프로비엠과의 괴리를 좁히는 과정의 일환이라 생각된다""고 전했다.또 다른 업계 관계자는 ""양극재 글로벌 선두 업체인 만큼 사업 역량이 증명된 데다 에코프로머티리얼즈 상장 등 상승동력이 아직 남아있는 만큼 계속 빠진다고 보기에는 무리가 있다""며 ""이미 궤도에 오른 주식들은 급락하는 경우가 드물다""고 말했다.
]",,https://imgnews.pstatic.net/image/015/2023/09/08/0004889411_001_20230908093304321.jpg?type=w800
2023-09-08 06:40:00,다시 에코프로에 전선 형성…끝나지 않은 공매도 전쟁,https://n.news.naver.com/mnews/article/277/0005311206?sid=101,"[
에코프로 공매도 잔액 1조6000억원대로 급증이차전지 6개 종목 공매도 잔액도 6조원 넘어최근 이차전지주 대부분 급락…개인 순매수 분산 변수올해 공매도 전쟁의 첫 타깃이었던 에코프로에 다시 전선이 형성되고 있다. 공매도 잔액이 1조원을 넘어 코스닥 시장 공매도 잔액 상위 1위 종목으로 오르더니 어느새 잔액이 2조원을 바라보고 있다. 이뿐만 아니다. 에코프로를 비롯해 에코프로비엠·POSCO홀딩스·포스코퓨처엠·엘앤에프·LG에너지솔루션 등 유독 이차전지 관련 종목 중심으로 공매도 잔액이 쌓이고 있다. 이차전지를 둘러싼 개인과 외국계 헤지펀드 등 공매도 세력 간의 총성 없는 전쟁은 여전히 치열하다.



8일 한국거래소에 따르면 집계가 가능한 가장 최신일인 4일 기준 포스코홀딩스·포스코퓨처엠·에코프로·에코프로비엠·엘앤에프·LG에너지솔루션 등의 공매도 잔액은 총 6조2168억원으로 집계됐다. 이 가운데 독보적인 곳은 에코프로다. 올해 1월2일 540억원에 불과했던 에코프로 공매도 잔액은 7월17일 1조3094억원으로 불었다. 개인과 외국인의 1차 공매도 전쟁이 벌어졌다. 개인 투자자들의 결집으로 판세가 기울자 공매도 청산을 위한 외국인의 주식 재매입(쇼트커버링)이 대규모로 들어온 이후 공매도 잔액은 1조원을 밑돌았다. 이에 지난달 30일까지 줄곧 8000억원대에 머물렀다.그러다 지난달 31일을 기점으로 다시 1조원을 넘어섰다. 1일 기준 공매도 잔액만 1조7254억원에 달했다. 지난달 30일 8308억원에서 2거래일 만에 2배 이상으로 증가했다. 공매도 비중도 2%대에서 단숨에 5.50%까지 뛰어올랐다. 4일 기준으로도 에코프로 공매도 잔액은 1조6566억원으로 집계됐다. 공매도 거래량과 거래대금도 최근 증가세다. 에코프로의 일일 공매도 거래량은 지난달 내내 2만∼4만주 정도를 유지했으나 지난달 31일 31만9000주로 급증했다. 이달 1일과 4일에는 각각 9만주, 7만6000주가량이 거래됐다.  에코프로뿐 아니라 이차전지 관련 종목 대부분이 공매도에 시달리고 있다. LG에너지솔루션의 공매도 잔액도 지난달 29일 1조원을 재돌파해 이달 1일 1조3078억원으로 늘었다. LG에너지솔루션의 공매도 잔액이 1조원보다 많았던 때는 지난달 8일(1조29억원)이 마지막이었다. 4일에는 1조3315억원으로 소폭 더 늘었다.에코프로의 공매도 잔액이 감소하는 과정에서 오히려 늘어난 곳은 포스코그룹주였다. 개인과 외국인의 공매도 2차대전의 무대가 포스코홀딩스와 포스코퓨처엠 등으로 이동하고 있다는 해석이 나왔었다. 포스코홀딩스의 공매도 잔액은 7월11일 1882억원에 불과했으나 한달여 만에 5.5배 급증하면서 1조원을 돌파했다. 이후 다시 9000억원대로 내려앉았으나 지난달 30일 다시 1조원을 넘어섰다. 9월1일과 4일에는 각각 9629억원, 9945억원으로 집계됐다. 포스코퓨처엠(8206억원), 에코프로비엠(8745억원), 엘앤에프(5391억원) 등의 공매도 잔액도 8월 말부터 가파른 증가세를 보이면서 1조원을 바라보고 있다.



이차전지주에 공매도 자금을 주로 쌓는 주체는 외국인이다. 이달 4일 코스피·코스닥 시장 전체 공매도 거래 대금(7784억원) 가운데 외국인 매매가 차지하는 비중은 64.11%에 이른다. 시장 전체 공매도 거래 대금이 연중 최고치(2조3616억원)를 기록했던 7월26일 외국인 비중이 52.87%였던 점을 감안하면 외국인이 이차전지주 공매도에 무게를 두고 있다는 해석이 나온다. 이번 공매도 전쟁의 승자는 누가 될까. 1차대전은 개인의 승리였다. 연초 10만3000원에서 출발한 에코프로 주가는 지난 4월 초 50만원대로 단기 급등했고, 주가가 과열됐다고 판단한 외국계 헤지펀드 등은 공매도에 집중했다. 하지만 개인 매수세에 힘입어 에코프로 주가는 100만원을 훌쩍 뛰어넘었다. 이후 장중 153만9000원까지 치솟는 등 거침없는 기세에 공매도 세력은 쇼트커버링을 하면서 물러났다. 쇼트커버링은 주가가 내릴 것을 기대하고 주식을 빌린(공매도) 투자자들이 예상과 달리 주가가 상승하면 손실을 줄이기 위해 주식을 사들이는 것을 의미한다. 시장에서는 외국인이 에코프로 등에서 큰 손실을 본 것으로 추정하고 있다. 한 증시 전문가는 ""최근 에코프로 공매도 잔액이 급증한 건은 예전 손실을 만회하기 위한 움직임으로 해석된다""고 말했다. 개인은 공매도 세력에 맞서 이차전지 종목을 계속 사들이고 있다. 그러나 외국인의 공세가 만만치 않다. 개인은 이달 들어 6일까지 에코프로를 가장 많이 사들였다. 순매수 금액은 1246억원에 이른다. 이어 포스코DX(1205억원), 포스코홀딩스(1153억원), LG에너지솔루션(1026억원), SK하이닉스(819억원), 에코프로비엠(710억원) 순으로 순매수했다. 다만 이차전지 종목의 주가가 심상치 않다. 에코프로비엠 주가는 7월25일 46만2000원에서 이달 4일 30만7500원으로 33.44% 급락했다. 같은 기간 엘앤에프(23.74%), 에코프로(14.08%), LG에너지솔루션(10.77%), 포스코홀딩스(10.33%), 포스코퓨처엠(26.25%)도 두 자릿수 하락률을 보였다.업계에서는 이차전지 주가 전망에 회의적인 시각이다. 주가가 과열 양상을 거친 만큼 조정이 불가피한 데다,  반도체주가 최근 시장 주도주로 올라선 점도 부담이다. 1차 공매도 대전 때와 달리 개인의 순매수가 분산될 수 있다는 의미다. 김지영 키움증권 연구원은 ""삼성전자 주가 향방에 따라 반도체 업종으로 매수 자금이 쏠릴 수 있다""고 내다봤다. 
]",,https://imgnews.pstatic.net/image/277/2023/09/08/0005311206_001_20230908104712157.jpg?type=w800
2023-09-07 14:04:29,"""2차전지 끝물?"" 에코프로 장중 100만원 무너져[핫종목]",https://n.news.naver.com/mnews/article/421/0007035326?sid=101,"[
증권가 ""과도한 프리미엄 축소되는 과정…비정상의 정상화""



ⓒ News1 윤주희 디자이너(서울=뉴스1) 공준호 기자 = 상반기 증시를 뜨겁게 달궜던 이차전지(2차전지) 종목이 일제히 하락세다. 에코프로(086520)는 장중 100만원선을 내주면서 한달여만에 황제주 자리에서 내려오기도 했다.7일 오후 1시39분 현재 에코프로는 전날보다 4만6000원(4.38%) 내린 100만4000원에 거래되고 있다. 이날 오후 들어 에코프로는 99만7000원까지 하락하면서 지난 7월28일 이후 처음으로 장중 100만원선이 붕괴되기도 했다. 지난달 31일 120만원 중반선에 거래되던 에코프로는 이달 들어 5거래일 연속으로 하락하면서 약세흐름을 보이고 있다. 에코프로의 자회사인 에코프로비엠(247540)의 흐름도 좋지 않다. 에코프로비엠은 전날보다 1만3500원(4.49%) 내린 28만7500원에 거래되고 있다. 에코프로비엠 주가가 장중 20만원대까지 내려온 것 역시 지난 7월8일 이후 처음이다.이밖에 LG에너지솔루션(373220)(-2.28%), 포스코퓨처엠(003670)(-5.37%), 금양(001570)(-2.36%), 엘앤에프(066970)(-3.30%), 포스코홀딩스(005490)(-2.07%) 등 주요 2차전지 종목들도 일제히 하락세를 나타내고 있다. 증권가에서는 상반기 과열됐던 주가가 제자리를 찾아가는 과정이라고 평가하고 있다. 정원석 하이투자증권 연구원은 지난달 29일 낸 에코프로비엠 보고서에서 ""국내 2차전지 업종 주가에 반영됐던 밸류에이션(평가가치) 프리미엄은 과거 대비 축소돼야 할 것""이라며 ""최근 주가 하락세는 비정상의 정상화""라고 말했다.
		]",,https://imgnews.pstatic.net/image/421/2023/09/07/0007035326_001_20230908113902915.jpg?type=w800
2023-09-08 15:46:10,[코스닥 마감]기관 매수에 강보합…에코프로 1%대↑,https://n.news.naver.com/mnews/article/018/0005570433?sid=101,"[
전거래일 대비 0.86%↑, 914.18 마감기관 순매수 확대, 외인 ‘팔자’ 축소업종별·시총상위 상승 우위, 율촌 ‘上’에코프로, 장중 100만원↓…막판 반등[이데일리 이정현 기자] 보합권에서 출발한 코스닥 지수가 마감을 앞두고 기관의 순매수 확대에 상승 마감했다.8일 마켓포인트에 따르면 이날 코스닥 지수는 전 거래일 대비 0.86%(7.82포인트) 오른 914.18에 장을 마감했다. 장중 한때 902.77까지 하락하는 등 등락을 반복했으나 마감을 앞두고 가파르게 상승했다. 



수급별로 기관이 1032억원어치 사들이며 증시 상승을 이끌었다. 기관이 코스닥 시장에서 순매수로 돌아선 것은 지난달 30일 이후 7거래일 만이다. 개인은 345억원, 외국인은 477억원어치 내다 팔았다.간밤 뉴욕증시는 애플을 비롯한 기술주들의 주가 하락세와 연방준비제도(연준·Fed)의 추가 긴축 우려 속에 하락했다. 뉴욕증권거래소(NYSE)에서 다우존스30산업평균지수는 전장보다 57.54포인트(0.17%) 오른 3만4500.73으로 거래를 마쳤다. 스탠더드앤드푸어스(S&amp;P)500지수는 전장보다 14.34포인트(0.32%) 하락한 4451.14로, 나스닥지수는 전장보다 123.64포인트(0.89%) 밀린 1만3748.83으로 장을 마감했다.김석환 미래에셋증권 연구원은 “중국 정부의 아이폰 사용 규제, 화웨이 최신형 휴대폰에 탑재된 국내 반도체 등 국내 IT 밸류체인의 모멘텀을 약화시키는 이슈로 장 초반부터 외국인이 적극적인 차익실현에 나서며 약세 흐름 보였다”면서도 “장 후반 기관 순매수 확대, 외국인 순매도 축소 영향으로 상승폭이 확대했다”고 분석했다.업종별 상승 우위로 마감했다. 제약이 2.88%, 기타서비스가 2.14% 상승한 가운데 전기·전자와 제조, 음식료담배, 의료·정밀, 출판매체, 오락, 금융, 기계장비 등이 1%대 올랐다. 반면 종이·목재는 2.38%, 정보기기 2.27% 하락했다. 반도체는 1%대 약세 마감했다.시가총액 상위주도 대부분 올랐다. 에코프로비엠(247540)은 이날 3.46% 오른 29만9000원에 마감, 30만원을 목전에 뒀다. 장중한때 100만원이 무너졌던 에코프로(086520)는 불안한 움직임을 보이다 1.49% 오른 102만1000원에 마감했다. 이밖에 포스코DX(022100)는 3.23%, 레인보우로보틱스(277810)는 11.58% 상승했다. 종목별로 유안타제8호스팩과의 스팩소멸합병으로 상장된 율촌(146060)이 가격제한폭(상한가)까지 올랐다. 금강철강(053260)이 23.21%, 샤페론(378800)이 22.87%, 대동기어(008830)가 20.14% 오르며 강세를 보였다. 반면 주식분할을 결정한 앱코(129890)는 12.16% 하락했으며 컬러레이(900310)가 10.99%, 엠젠솔루션(032790)이 9.63%, 스피어파워(203690)가 9.28% 내렸다.이날 코스닥의 거래량은 12억3322만5000주, 거래대금은 12조1967억4200만원으로 집계됐다. 상한가 종목 1개를 포함해 867개 종목이 올랐고, 하한가 없이 634개 종목이 하락했다. 97개 종목은 보합 마감했다.
]",,https://imgnews.pstatic.net/image/018/2023/09/08/0005570433_001_20230908154915195.jpg?type=w800
2023-09-07 08:34:22,"에코프로, 저소득층 가정에 육아용품 '마더박스' 지원",https://n.news.naver.com/mnews/article/001/0014176684?sid=102,"[




에코프로, 저소득층 가정에 육아용품 '마더박스' 지원(서울=연합뉴스) 에코프로는 지난 6일 충청북도청에서 초록우산 어린이재단 충북지역본부에 4천만원 상당의 '마더박스' 170개를 전달했다고 7일 밝혔다. 왼쪽부터 송호준 에코프로 대표이사, 김영환 충청북도지사, 이형진 초록우산 어린이재단 충청지역본부장. 2023.9.7 [에코프로 제공. 재판매 및 DB 금지]    (서울=연합뉴스) 김기훈 기자 = 에코프로는 지난 6일 충북도청에서 초록우산 어린이재단 충북지역본부에 4천만원 상당의 '마더박스' 170개를 전달했다고 7일 밝혔다.    마더박스는 속싸개, 치발기, 젖병 솔, 젖병, 체온계, 온습도계, 손수건, 보온병, 수건, 수납박스 등 신생아 육아에 필요한 10개 품목으로 구성했다.    에코프로는 2020년부터 저소득 가정의 출산을 지원하고 육아 부담을 덜어주기 위해 경북, 충북 등 사업장이 있는 지역을 중심으로 마더박스 지원사업을 펼치고 있다.    현재까지 지역사회에 전달한 마더박스는 총 850개, 금액으로는 2억원에 달한다.    kihun@yna.co.kr
]",,https://imgnews.pstatic.net/image/001/2023/09/07/AKR20230907024700003_01_i_P4_20230907083505157.jpg?type=w800
2023-09-07 14:17:17,"에코프로, 한달 반 만에 장중 100만원 붕괴",https://n.news.naver.com/mnews/article/003/0012075852?sid=101,"[




 *재판매 및 DB 금지[서울=뉴시스] 김경택 기자 = 에코프로가 4% 넘게 하락하며 장중 100만원 밑으로 미끄러졌다.7일 오후 2시5분 현재 에코프로는 전일 대비 4만2000원(4.00%) 내린 100만8000원에 거래되고 있다.에코프로는 장중 한때 99만7000원까지 하락하는 등 주가가 100만원 아래로 주저앉았다. 에코프로의 주가가 100만원을 밑돈 것은 지난 7월28일 이후 한달 보름여 만이다. 에코프로의 주가는 이달 들어 5거래일 연속 하락세를 이어오고 있다.에코프로비엠도 동반 하락세를 나타내고 있다. 같은 시간 에코프로비엠은 1만2500원(4.15%) 내린 28만8500윈을 기록 중이다.
]",,https://imgnews.pstatic.net/image/003/2023/09/07/NISI20230727_0001326673_web_20230727150211_20230907141717682.jpg?type=w800
2023-09-07 16:48:06,"""공매도 전쟁에서 패배?""...에코프로, 연일 하락세",https://n.news.naver.com/mnews/article/014/0005069166?sid=101,"[




투자자. /사진=뉴스1 [파이낸셜뉴스] 에코프로의 주가가 연일 약세다. 공매도 거래가 늘어나면서 주가가 힘을 받지 못하는 것으로 분석된다.   7일 한국거래소에 따르면 이날 에코프로 주가는 전 거래일보다 4.19% 하락한 100만6000원에 장을 마감했다.   장중에는 99만7000원까지 떨어지며 100만원 선을 내주기도 했다. 에코프로 주가가 100만원 아래로 내려간 것은 7월 28일 이후 한 달여 만이다. 자회사인 에코프로비엠도 3.99% 내린 28만9000원에 거래를 마쳤다.   에코프로는 이달 들어 5거래일 연속 하락하는 등 약세를 보이고 있다. 주가가 125만7000원에서 100만6000원으로 19.97% 빠졌다. 이 기간 시가총액은 33조4710억원에서 26조7342억원으로 7조원가량 줄었다.   주가 하락에 베팅하는 공매도 거래가 늘면서 내리막을 걷고 있다는 분석이다. 에코프로의 공매도 거래는 지난달 31일부터 급증했다. 이날 공매도 거래대금은 3386억원으로 전체 거래의 11.77%를 차지했다. 5거래일 연속으로 공매도 비중이 10%를 넘었다. 에코프로의 공매도 거래비중이 10%를 웃돈 것은 지난 5월 19일(10.51%) 이후 처음이다.   공매도 잔고도 늘어나는 추세다. 이달 4일 기준 에코프로의 공매도 잔고 금액은 1조6566억원, 잔고 수량은 149만주로 각각 집계됐다. 8월 31일 이후 공매도 잔액이 줄곧 1조원을 넘는다. 에코프로의 공매도 잔고금액이 1조원을 넘었던 것은 7월 24일이 마지막이었다.   모건스탠리캐피털인터내셔널(MSCI) 한국지수 편입과 관련한 호재성 재료가 소멸되면서 주가 하락을 점치는 투자자들이 증가하고 있다는 분석이다.   2차전지 업황 부진할 것으로 우려되면서 당분간 주가가 상승동력을 찾기 어려울 것이라는 진단이다. 중국과 유럽의 보조금이 축소되면서 글로벌 전기차 판매 둔화 현상이 이어질 것이란 설명이다. 테슬라로 시작된 가격 경쟁으로 배터리 마진 압박이 커진 점도 부정적 요인이다.   최보영 교보증권 연구원은 ""이달은 예고됐던 2차전지 업황의 부진을 확인하는 시기가 될 것""이라며 ""다만 주가 레벨이 최근 많이 낮아진 상태여서 점진적으로 긍정적인 요소들을 찾아가야 할 것""이라고 전했다.
		]",,https://imgnews.pstatic.net/image/014/2023/09/07/0005069166_001_20230907164806456.jpg?type=w800
2023-09-08 09:57:47,왕좌에서 내려온 에코프로…배터리株 '각자도생',https://n.news.naver.com/mnews/article/215/0001123950?sid=101,"[
올 들어 일제히 급등하며 '과열 논란'에코프로, 100만 원 깨져…2차전지, 일제히↓



2차전지 대장주로 꼽히는 에코프로가 황제주에서 내려온 가운데 업종 전반이 하락세에 접어들었다.8일 한국거래소에 따르면 9시 50분 기준 에코프로는 어제(7일) 보다 2.78% 내린 97만 8천 원에 거래됐다.0.20% 상승 출발하며 기지개를 켜나 싶었지만 9시 20분을 이후로 낙폭을 확대하는 상황이다.이달 들어 6거래일 연속 하락세로 이기간 하락률은 20%가 넘는다.올해 들어 일제히 급등하면서 과열 논란에 휘말려 온 2차전지주들은 오늘 거래에서 일제히 내림세에 자리했다.같은 시각 시총 10조 이상 대형주로 추려보면 유가증권시장의 LG에너지솔루션은 0.77%, 삼성SDI 역시 0.67% 하락 중이다.이에 더해 LG화학(-1.73%), 포스코퓨처엠(-0.12%), SK이노베이션(-1.56%) 등도 부진한 모습이다.POSCO홀딩스 만이 0.35% 오름세고, 코스닥 대장주 에코프로비엠은 0.17% 빠지며 부침을 거듭 중이다.
]",,https://imgnews.pstatic.net/image/215/2023/09/08/A202309080064_1_20230908095805705.jpg?type=w800
2023-09-07 14:28:13,"""2차전지 몰락하나"" 에코프로, 장중 100만원선 붕괴",https://n.news.naver.com/mnews/article/417/0000947254?sid=101,"[




/사진=에코프로 황제주에 등극하며 2차전지 열풍을 이끌었던 에코프로가 장중 100만원 아래로 떨어졌다.7일 한국거래소에 따르면 이날 오후 2시16분 에코프로는 전 거래일 대비 4만원(3.81%) 떨어진 101만원에 거래된다. 이날 에코프로는 장 중 한때 5.04% 하락하며 99만7000원까지 떨어졌다. 에코프로 주가가 100만원 아래로 내려간 것은 지난 7월28일 이후 처음이다. 에코프로는 5거래일 연속 하락하고 있다. 지난 6일도 2.6% 하락하며 종가 105만원을 기록했다. 에코프로 그룹사인  에코프로비엠과 에코프로에이치엔도 나란히 하락 중이다. 에코프로비엠은 5거래일, 에코프로에이치엔은 6거래일 연속 하락세다.같은 시간 에코프로비엠은 전 거래일 대비 1만3000원(4.32%) 내린 28만8000원에 거래된다. 에코프로에이치엔은 전 거래일 대비 3300원(3.82%) 내린 8만3000원에 거래된다. 
]",,https://imgnews.pstatic.net/image/417/2023/09/07/0000947254_001_20230907142901386.jpg?type=w800
2023-09-07 14:28:01,美 블룸버그도 에코프로 주목...‘Retail army’언급한 까닭은,https://n.news.naver.com/mnews/article/024/0000084408?sid=101,"[
CEO 논란에도 지속되는 투자 열기 주목블룸버그 “투기적 성향 짙어 손실 우려”



 에코프로 로고. (매경 DB)국내 2차전지 대장주 격인 에코프로에 대해 해외 언론이 집중보도해 눈길을 끈다. 미국 블룸버그는 올해 가장 많이 오른 주식 중 하나로 에코프로를 꼽고 경쟁력을 집중 분석했다. 특히 블룸버그는 잇따른 논란에도 에코프로 열기가 식지 않은 이유에 대해 분석했다.블룸버그는 6일(현지시간) “한국의 배터리 재료 생산업체 에코프로는 올해 919% 상승했다”라며 “시가총액 100억달러(약 13조3000억원) 이상인 기업 중 가장 큰 상승 폭”이라고 보도했다. 에코프로의 시가총액은 27조2401억원 수준이다.매체는 심지어 이동채 에코프로그룹 회장이 구속된 와중에도 주가가 올랐다며 “창립자의 범죄 혐의에도 불구하고 기업 주가에 흠이 나지 않았다”라고 평가했다.이동채 회장은 미공개 정보를 이용해 10억원이 넘는 시세차익을 올린 혐의로 항소심에서 징역 2년 실형을 선고받았다.블룸버그는 또 “에코프로 매출은 올 2분기 64%나 성장해 2조원을 달성했으나 영업이익은 1% 미만 오른 1700억원대”라며 “원자재 가격 상승과 환율 변동이 수익률에 영향을 줬다”라고 분석했다.블룸버그는 에코프로 주가 상승을 불러온 투자 광풍이 ‘소매 투자자 군대(Retail Army)’에 의해 이뤄졌다고 분석했다. 개미투자자들의 역할이 컸다는 의미다. 다만 투자 개념보다는 투기에 따른 손실 우려가 있다고 덧붙였다.
]",,https://imgnews.pstatic.net/image/024/2023/09/07/0000084408_001_20230907150407166.png?type=w800
2023-09-07 16:42:26,2차전지 투자자 '악몽의 날'…에코프로 등 줄줄이 하락[핫종목],https://n.news.naver.com/mnews/article/421/0007036067?sid=101,"[
(종합)에코프로 장중 한때 100만원선 붕괴



ⓒ News1 윤주희 디자이너(서울=뉴스1) 공준호 기자 = 코스피·코스닥 지수가 조정세를 보인 가운데 2차전지 업종에서 차익실현 매물이 쏟아지면서 관련 종목들이 줄줄이 하락했다. 이 과정에서 국내 증시 유일한 '황제주'(주당 가격이 100만원이 넘는 종목)로 꼽히는 에코프로(086520)는 장중 한때 100만원선을 내주기도 했다.7일 에코프로는 전날보다 4만4000원(4.19%) 내린 100만6000원에 거래를 마쳤다. 이날 에코프로는 장중 99만7000원까지 내리며 한때 100만원선 아래까지 떨어졌지만 하락폭을 복구하며 간신히 황제주 자리를 되찾았다. 장중 100만원선이 붕괴된 것은 지난 7월28일 이후 한달여만에 처음이다. 지난달 31일 120만원 중반선에 거래되던 에코프로는 이달 들어 5거래일 연속으로 하락하면서 약세흐름을 보이고 있다. 에코프로의 자회사이자 코스닥 시가총액 1위 회사인 에코프로비엠(247540) 주가도 약세를 보였다. 에코프로비엠은 전날보다 1만2000원(3.99%) 하락한 28만9000원에 장을 마감했다. 에코프로비엠은 지난 7월25일 46만2000원에 장을 마치면서 역대 최고가를 기록했다. 그러나 이후 불과 한달여만에 주가가 37.4% 빠지면서 큰 폭의 조정세를 보이고 있다.이날 에코프로·에코프로비엠뿐 아니라 다른 2차전지 종목들도 줄줄이 약세를 나타냈다. 포스코퓨처엠(003670)은 전날보다 2만5500원(5.82%) 빠진 41만2500원에, 금양(001570)은 전날보다 2800원(2.11%) 내린 13만100원에 장을 마감했다. 이밖에 LG에너지솔루션(373220)(-1.90%), 엘앤에프(066970)(-3.98%), 포스코홀딩스(005490)(-2.07%) 등도 모두 하락했다.증권가에서는 최근 2차전지 약세 현상을 두고 상반기 과열됐던 주가가 제자리를 찾아가는 과정이라고 평가하고 있다.정원석 하이투자증권 연구원은 지난달 29일 낸 에코프로비엠 보고서에서 ""국내 2차전지 업종 주가에 반영됐던 밸류에이션 프리미엄은 과거 대비 축소돼야 할 것""이라며 ""최근 주가 하락세는 비정상의 정상화""라고 말했다.
		]",,https://imgnews.pstatic.net/image/421/2023/09/07/0007036067_001_20230907164315810.jpg?type=w800
2023-09-08 10:02:14,"에코프로, 전날 이어 또 장중 황제주 반납…1% 넘게 ↓",https://n.news.naver.com/mnews/article/015/0004889466?sid=101,"[




에코프로가 전날에 이어 또 한 번 장중 '황제주(주당 가격이 100만원이 넘는 종목)' 타이틀을 내려놨다.8일 오전 9시58분 기준 에코프로는 전 거래일 대비 1만7000원(1.69%) 하락한 98만9000원에 거래되고 있다.에코프로는 전날 장중 99만7000원까지 내리며 한때 100만원선 아래까지 떨어졌지만 장 막판 하락폭을 복구하며 종가 기준 황제주 자리를 되찾았다. 그러나 이날 또 다시 장중 100만원선을 내주면서 약세 흐름을 이어가고 있다. 증권가에서는 2차전지 업황 부진할 것으로 우려되면서 당분간 주가가 상승동력을 찾기 어려울 것이라는 전망을 내놓고 있다. 중국과 유럽의 보조금이 축소되면서 글로벌 전기차 판매 둔화 현상이 이어질 것이란 분석이다.  정원석 하이투자증권 연구원은 ""국내 2차전지 업종 주가에 반영됐던 밸류에이션 프리미엄은 과거 대비 축소돼야 할 것""이라며 ""최근 주가 하락세는 비정상의 정상화""라고 말했다.
]",,https://imgnews.pstatic.net/image/015/2023/09/08/0004889466_001_20230908100214698.jpg?type=w800
2023-09-07 21:18:00,"이젠 황제주 자리도 위태롭다…힘 빠진 에코프로, 이유가?",https://n.news.naver.com/mnews/article/009/0005183742?sid=101,"[




 에코프로 주가 추이. [사진 출처 = 구글 파이낸스 갈무리]국내 증시를 휩쓸며 무서운 속도로 치솟던 에코프로가 상승분을 반납하며 휘청이고 있다. 주당 100만원을 넘어 ‘황제주’로 불리던 주가는 장중 100만원 밑으로 떨어졌다. 이차전지 관련 열풍이 시들해지고 있다는 분석이 나온다.7일 증권가에 따르면 에코프로는 전일 대비 4만4000원(4.19%) 내린 100만6000원에 거래를 마쳤다. 에코프로는 지난 1일부터 이날까지 5거래일 연속 하락세다. 기간을 넓혀 보면 이달 들어서만 19.97%가 빠졌다.황제주 자리도 위태롭다. 특히 에코프로는 이날 장중 99만7000원까지 밀리면서 황제주 자리를 내놓기도 했다.에코프로의 시가총액도 지난 1일 31조3940억원에서 이날 26조7874억원으로 14.67% 줄었다. 주가가 큰 폭으로 하락하면서 지난 4일 에코프로는 코스닥 시장에서 시가총액 상위 2위로 밀려나기도 했다. 이 기간 에코프로비엠이 코스닥 시가총액 1위로 올라섰다.



 지난 7월 10일 오후 서울 종로구 연합인포맥스 스크린에 에코프로 차트가 띄워져 있다. [사진 출처 = 연합뉴스]외국인의 매도세가 이어지면서 주가를 끌어내리고 있는 것으로 풀이된다. 지난 1일부터 이날까지 외국인 투자자는 에코프로를 835억원 어치 팔아치웠다. 이날 외국인 순매도 5위에 달하는 금액이다. 외국인 투자자는 지난 1일부터 6일까지 4거래일 연속으로 팔아치우기도 했다.이 기간 외국인 순매도 상위 종목에 포스코DX와 에코프로비엠이 나란히 1·2위로 이름을 올린 점도 눈길을 모은다. 외국인은 이달 들어 이들 종목을 각각 1167억원, 1054억원 어치 순매도했다.포스코DX는 이차전지 관련주로 분류된다. 에코프로비엠까지 순매도하면서 이차전지 관련주에 대한 팔자세를 본격화하고 있다는 평가다.국내 배터리 업계의 점유율이 하락이 우려될 수 있다는 소식에 투자심리가 더 빠르게 얼어붙고 있다는 분석도 나온다. 국내 업계는 삼원계 니켈·코발트·망간(NCM) 배터리를 주력하고 있다. 하지만 중국 업체들이 주도하는 리튬인산철(LFP) 배터리의 제조원가가 더 저렴한 탓에 전기차 업체들의 해당 배터리 채택도 증가하고 있기 때문이다.한지영 키움증권 연구원은 “최근 국내 이차전지 수출이 부진하다”며 “국내 이차전지 밸류 체인 관련주들을 중심으로 단기적인 수급 변동성을 유발할 수 있다는 점을 유의해야 한다”고 말했다.
]",,https://imgnews.pstatic.net/image/009/2023/09/07/0005183742_001_20230907212301006.png?type=w800
2023-09-06 05:01:03,"[단독] 에코프로, 컴플라이언스실 신설… 송정원 전 공정위 소장 영입",https://n.news.naver.com/mnews/article/366/0000929634?sid=101,"[
			        에코프로가 그룹의 지배구조, 부패방지 등을 책임지는 컴플라이언스실을 신설하고 송정원 전 공정거래위원회 부산지방공정거래사무소장을 실장으로 영입했다. 미공개정보 이용 혐의로 이동채 에코프로 창업주가 실형을 받는 등 임직원 윤리 문제가 잇따라 발생하자 내부통제를 강화하기 위한 것으로 보인다.6일 재계에 따르면 에코프로는 최근 조직을 개편해 법무실 산하의 컴플라이언스팀을 독립적인 컴플라이언스실로 확대하고 실장(부사장)에 송 전 소장을 영입했다. 컴플라이언스실은 내부 실태를 점검하고 그룹 내 준법경영 문화가 확산하도록 하는 역할을 맡는다. 준법 통제 규정과 행동지침, 준법경영 가이드라인 등도 제정한다.



에코프로 컴플라이언스실장(부사장)으로 영입된 송정원 전 공정위 부산지방공정거래사무소장./조선DB        에코프로는 시장의 기대 수준을 충족하기 위해 지배구조 체계 개편도 준비하는 것으로 전해진다.송 실장은 서울대 경제학과와 행정대학원을 졸업하고 행정고시 37회로 입직했다. 이후 시장구조개선과 기업거래정책과장을 거쳐, 지난 4월까지 부산지방공정거래사무소 소장을 거쳤다. 공정위 내부에서는 지배구조와 기업거래정책 전문가로 꼽힌다. 송 실장은 지난달 공직자윤리위원회의 취업 제한 심사를 통과했다.에코프로그룹은 이차전지 시장이 주목받으면서 매출이 늘고 주가가 급등했지만, 짧은 시간이 기업이 커지면서 내부통제는 체급이 비슷한 다른 그룹에 비해 취약하다는 평가를 받았다. 이동채 창업주는 미공개 정보로 부당이득을 얻었다는 혐의로 기소돼 지난달 대법원에서 2년 징역형이 확정됐다.지난 3월에는 불공정거래 의혹으로 검찰과 금융당국으로부터 압수수색을 받기도 했다.재계 관계자는 “양극재 투자금 마련을 위해 에코프로머티리얼즈의 기업공개(IPO)가 필요한 상황에서 내부 윤리 문제는 악영향을 미칠 수 있다”며 “에코프로가 내부통제를 강화하는 과정에서 송 실장이 역할을 할 것으로 보인다”라고 말했다.
]",,https://imgnews.pstatic.net/image/366/2023/09/06/0000929634_001_20230906050103803.jpg?type=w800
2023-09-07 17:57:06,"에코프로 한풀 꺾이자…""새 주도주 찾아라"" 들썩이는 종목",https://n.news.naver.com/mnews/article/015/0004889106?sid=101,"[
힘 빠진 2차전지…""새 주도株는 반도체·바이오·中 소비주""에코프로·포스코퓨처엠 등 약세전문가 ""반도체 밸류에이션 매력바이오도 신약 성과 나타날 것中연휴로 화장품·면세점株 관심""에코프로 엘앤에프 등 2차전지주 열풍이 8월 이후 한풀 꺾이자 시장에선 새로운 주도주 찾기 움직임이 분주하다. 2차전지주는 공급 과잉 리스크 재점화로 당분간 약세 흐름을 이어갈 것이란 전망이 나온다. 전문가들은 반도체, 제약·바이오, 중국소비재 등을 유력한 새 주도주 후보로 꼽고 있다. ○배터리 공급 과잉 리스크 재점화



7일 에코프로는 코스닥시장에서 4.19% 내린 100만6000원에 마감했다. 포스코퓨처엠(-5.82%), 에코프로비엠(-3.99%), 엘앤에프(-3.98%) 등 다른 2차전지 소재 관련주도 큰 폭으로 내렸다. LG에너지솔루션(-1.9%), 삼성SDI(-1.33%) 등 배터리셀 업체도 떨어졌다.중국발 배터리 공급 과잉 우려가 재점화한 것이 투자심리를 악화시켰다는 분석이다. 파이낸셜타임스(FT)에 따르면 올해 중국 배터리 생산량은 1448GWh로, 수요량(636GWh)의 두 배가 넘을 전망이다.외국계 증권사의 부정적 보고서도 영향을 미쳤다. 전날 골드만삭스는 LG에너지솔루션에 대해 ‘중립’ 의견을 제시했다. 미국 지역 인건비 상승으로 수익성이 줄어들 것이란 이유에서다. 에코프로비엠에 대해선 수익성 악화가 우려된다며 ‘매도’ 의견을 냈다.미국 전기차 기업 테슬라의 약세와 밸류에이션(실적 대비 주가수준) 고평가 우려도 최근 배터리주에 부담을 주고 있다. 지난 8월 이후 에코프로비엠이 31% 급락한 것을 비롯해 엘앤에프(-23.2%), 포스코퓨처엠(-21.7%), 에코프로(-16.6%) 등도 줄곧 약세를 보이고 있다. ○유럽 바이오주 열풍 한국에도 불까증시에선 반도체가 2차전지를 밀어내고 시장 주도주로 떠오를 것이란 목소리가 커지고 있다. 오랜 주가 조정으로 반도체주의 밸류에이션 매력이 높아진 데다 인공지능(AI) 테마가 미국 증시를 중심으로 형성되고 있기 때문에 국내 증시도 이를 반영할 것이란 얘기다.이날 삼성자산운용이 프라이빗뱅커(PB) 1063명을 대상으로 한 ‘2차전지, 그다음 ETF 테마는?’이란 설문조사에선 ‘AI&amp;반도체’가 335명(32%)의 선택을 받아 1위를 차지했다. 정성한 신한자산운용 알파운용센터장은 “지난 1일 삼성전자가 하루 만에 6.13% 급등하는 등 반도체로 수급이 쏠리는 모습이 나타나고 있다”며 “재고 감소 등 호재가 나올 때마다 주가가 크게 반등할 가능성이 높다”고 말했다.바이오주를 유망주로 꼽는 전문가도 많다. 유럽 증시를 뒤흔들고 있는 비만·당뇨치료제 열풍이 한국에도 상륙할 것이란 전망이다. 덴마크 제약회사 노보노디스크는 ‘기적의 다이어트약’으로 알려진 ‘위고비’에 힘입어 최근 루이비통모에헤네시(LVMH)를 앞지르고 유럽증시 시가총액 1위에 올라섰다. 민수아 삼성액티브자산운용 대표는 “코로나19 이후 세계적으로 많은 정부 보조금이 바이오기업으로 흘러들어갔는데 이제 그 성과가 나타나고 있다”고 말했다.중국인의 한국행 단체 관광 재개와 관련된 중국 소비주에 관심을 두라는 조언도 나온다. 9월 말과 10월 초 중국 중추절(추석)·국경절 연휴가 길게 이어지는 만큼 화장품·의류·면세점 등의 수혜가 기대된다. 한국투자증권은 호텔신라, 현대백화점, 신세계를 추천주로 내세웠다.
]",,https://imgnews.pstatic.net/image/015/2023/09/07/0004889106_001_20230908012010385.jpg?type=w800
2023-09-06 10:40:02,"에코프로, 컴플라이언스실 신설… 준법경영 강화",https://n.news.naver.com/mnews/article/092/0002304189?sid=105,"[
컴플라이언스 총괄로 외부 전문가 영입에코프로가 윤리경영 제고와 내부통제 강화를 위해 컴플라이언스실을 신설했다.에코프로는 지난 1일, 전문성, 독립성을 높이고자 기존 법무실 산하 컴플라이언스팀을 분리해 컴플라이언스실을 신설했다고 6일 밝혔다.에코프로는 윤리적 이슈를 사전에 예방하기 위해 신임 컴플라이언스 실장으로, OECD에 근무하며 글로벌 기업들의 준법경영 시스템에 밝은 송정원 부사장을 영입했다.에코프로는 컴플라이언스실을 중심으로 준법경영을 점차 고도화해 나갈 계획이다.먼저, 가족사 전체에 강력한 내부통제 및 위험평가 시스템을 구축하고 불공정거래, 반부패, 윤리 위반 등의 행위를 엄격히 조치할 예정이다. 윤리경영 관련 사내 정책과 절차를 정비하고 임직원, 협력사 직원들의 윤리의식과 준법정신 함양을 위한 다양한 프로그램도 추진한다.



에코프로 CI이번 컴플라이언스실 신설에 앞서, 에코프로는 지난 1월 2023년을 ‘준법경영 실천 강화 및 내재화의 원년’으로 선포하고 모든 그룹 경영진과 임직원이 ‘준법경영 실천’을 선언한 바 있다.내부통제 강화 차원에서는 컴플라이언스 IT시스템을 구축하고 그룹 상장사 임직원은 내부자거래 알림 서비스(K-ITAS)에 가입해 내부자거래 이슈 사전 방지를 위한 관리를 지속해오고 있다.에코프로 관계자는 “임직원들의 불공정한 행위를 적발하고 이를 처벌하기 이전에 사전 예방하고 윤리의식을 제고하는 것이 무엇보다 중요하다”며 “투명하고 윤리적인 기업문화를 뿌리내리기 위해 준법경영을 강도 높게 추진할 것”이라고 말했다.
]",,https://imgnews.pstatic.net/image/092/2023/09/06/0002304189_001_20230906104002205.jpg?type=w800
2023-09-08 11:11:06,"코스닥, 약세 전환…에코프로 100만원 ‘위태’",https://n.news.naver.com/mnews/article/018/0005570249?sid=101,"[
전거래일 대비 0.17%↓, 904.86 거래중美기술주 약세에 외인 3거래일 연속 ‘팔자’업종별·시총상위 혼조세, 스팩합병상장 율촌 ‘上’[이데일리 이정현 기자] 코스닥 지수가 외국인의 매도세에 하방 압력을 받으며 하락 전환했다. 905선을 놓고 공방전이 벌어지며 등락을 거듭하고 있다.8일 마켓포인트에 따르면 오전 11시 5분 현재 코스닥 지수는 전 거래일 대비 0.17%(1.50포인트) 하락한 904.86에 거래중이다. 개장과 함께 상승하며 913.50까지 올랐으나 약세로 전환했다. 902.77까지 빠지다 소폭 반등했다.



수급별로 외인 매도 물량이 증가하며 증시를 압박하고 있다. 이날만 1076억원어치 순매도하며 3거래일 연속 팔자를 이어가고있다. 반면 개인은 809억원, 기관은 360억원어치 사들이고 있다.간밤 뉴욕증시는 애플을 비롯한 기술주들의 주가 하락세와 연방준비제도(연준·Fed)의 추가 긴축 우려 속에 하락했다. 뉴욕증권거래소(NYSE)에서 다우존스30산업평균지수는 전장보다 57.54포인트(0.17%) 오른 3만4500.73으로 거래를 마쳤다. 스탠더드앤드푸어스(S&amp;P)500지수는 전장보다 14.34포인트(0.32%) 하락한 4451.14로, 나스닥지수는 전장보다 123.64포인트(0.89%) 밀린 1만3748.83으로 장을 마감했다.서상영 미래에셋증권 연구원은 “미 증시가 전일 약세 원인 중 하나였던 중국 정부의 애플 아이폰을 비롯한 해외 기기 사용 금지 이슈가 지속되며 나스닥 중심으로 하락한 점은 한국 증시에 부담”이라며 “필라델피아 반도체 지수가 1.98% 하락하고 러셀2000지수가 0.99% 하락하는 등 한국 증시에 미치는 영향이 큰 지수의 낙폭이 컸던 점도 투자 심리 위축 요인으로 작용할 것”이라 진단했다.업종별 혼조세다. 제약과 음식료담배, 방송서비스, 출판매체가 1%대 오르고 있으며 종이·목재가 3%대, 정보기기와 반도체가 2%대 하락 중이다. 소프트웨어는 1%대 약세다. 나머지 업종은 보합권에서 등락을 반복하고 있다.시가총액 상위주는 혼조세다. 전날 4% 가까이 하락했던 에코프로비엠(247540)은 이날 강보합권을 유지 중인 반면 에코프로(086520)는 장중한 때 100만원이 무너지는 등 약세다. 엘앤에프(066970)도 1%대 하락 중이다. 레인보우로보틱스(277810)는 로봇테마주 강세에 힘입어 6%대 강세 흐름이다. 종목별로 유안타제8호스팩과의 스팩소멸합병으로 상장된 율촌(146060)이 가격제한폭(상한가)까지 올랐다. 누보(332290)가 28%대, 효성오앤비(097870)가 26%대 오르고 있다. 반면 스피어파워(203690)는 12%대, 컬러레이(900310)와 제우스(079370), 코닉오토메이션(391710), 크라우드웍스(355390) 등은 8%대 약세다.
]",,https://imgnews.pstatic.net/image/018/2023/09/08/0005570249_001_20230908111106126.jpg?type=w800
2023-09-08 17:22:01,힘겹게 지켜낸 황제주…개인 '팔자'에 주춤하는 에코프로,https://n.news.naver.com/mnews/article/648/0000019378?sid=101,"[
이틀연속 장중 100만원 밑돌았으나 종가 100만원 회복이어지는 개인 순매도…급격히 오른 주가 '휴식' 전망도에코프로가 100만원 문턱에서 가까스로 황제주 자리를 지켰다.다만 주가 상승의 기반이었던 개인 매수세가 줄어들고 있는 가운데 원재료 가격 하락 등 대외 변수로 인한 실적 우려도 나오고 있어 당분간 조정이 이어질 수 있다는 전망이 제기된다.



/그래픽=비즈워치8일 에코프로 주가는 전날보다 1.49% 오른 102만1000원으로 거래를 마쳤다. 전날에 이어 이틀 연속 장중 100만원 아래로 내려갔으나 장 후반 회복하며 100만원선을 방어했다.간신히 100만원대 종가 유지에 성공했으나, 최근 에코프로는 상승세의 원동력이 됐던 개인 매수세는 주춤하는 모습이다.



2023년 9월 8일 기준 에코프로 주가 1개월 추이/그래픽=비즈워치특히 최근 주가가 연일 하락했던 시기인 지난달 25일부터 지난 7일까지 개인은 에코프로를 4125억원 순매도했다. 지난 1일과 5일을 제외한 모든 거래일 에코프로 주식을 팔아치운 것이다. 같은 기간 기관은 482억원 순매도했으며 외국인은 4595억원 순매수했다.주가가 하락세를 보이자 공매도 잔고 금액 확대도 관측된다. 지난달 25일 에코프로 공매도 잔고 금액은 8834억원이었으나 지난 5일에는 1조6000억원으로 2배가량 늘어났다.이 같은 상황에서 이틀 연속 종가기준 100만원선을 지켜내긴 했지만, 전문가들은 상반기 주도주 역할을 했던 2차전지 양극재 기업들의 조정이 당분간 불가피할 것으로 분석하고 있다. 최근 리튬, 니켈 등 주요 원재료 가격 하락이 이어지면서 판가에도 반영돼 이익이 줄어들 것으로 예상하기 때문이다.또한 계속된 가격 인하를 펼쳐온 테슬라의 점유율이 확대되면서 국내 기업이 2차전지를 공급하는 전기차 업체의 점유율이 줄어들 것이란 우려도 커지는 상황이다. 특히 급격하게 올랐던 주가를 감안하면 2차전지주 상승세의 휴지기가 올 것이란 전망도 나온다.강대석 유안타증권 연구원은 ""최근 전기차 수요 부진에 대한 우려가 있으나 20% 침투율(기존 제품대비 새로운 제품이 차지하는 비율) 도달 후 기울기를 더 키운 스마트폰 사례를 감안하면 장기 성장성에 의문을 가질 정도는 아니라 판단된다""며 ""다만 가격 측면에서는 휴식이 필요한 시기로 판단되며 과거 국내 증시 주도주 랠리와 비교해도 현재 2차전지의 상승폭과 기울기는 역대급 수준""이라고 말했다.
]",,https://imgnews.pstatic.net/image/648/2023/09/08/0000019378_001_20230908172201700.jpg?type=w800
2023-09-08 10:47:18,"[특징주]에코프로, 이틀 연속 장중 100만원대 붕괴",https://n.news.naver.com/mnews/article/018/0005570162?sid=101,"[
			[이데일리 이정현 기자] ‘황제주’ 에코프로(086520)가 8일 다시 100만원대 아래로 하락하며 약세 흐름을 이어가고 있다. 전날에 이어 이틀 연속 100만원선이 무너졌다.이날 마켓포인트에 따르면 오전 10시41분 현재 에코프로는 전거래일 대비 0.40%(4000원) 하락한 100만2000원에 거래 중이다. 장중 한때 97만5000원까지 하락하다 반등하며 100만원선을 회복했다. 에코프로는 전날 4%대 하락율을 보이며 장중한때 100만원이 무너졌다. 마감을 앞두고 반등하며 100만6000원에 마감했다.




]",,https://imgnews.pstatic.net/image/018/2023/09/08/0005570162_001_20230908104718530.jpg?type=w800
2023-09-08 04:04:14,에코프로 ‘마더박스’ 지원… 충북 저소득 가정에 170개,https://n.news.naver.com/mnews/article/005/0001636697?sid=101,"[




에코프로는 지난 6일 충북도청에서 초록우산 어린이재단 충북지역본부에 4000만원 상당의 ‘마더박스’ 170개를 전달했다고 7일 밝혔다(사진). 마더박스는 속싸개, 젖병, 체온계, 온습도계 등 신생아 육아에 필요한 10개 품목으로 구성됐다. 에코프로는 2020년부터 저소득 가정의 출산을 지원하고 육아 부담을 덜어주기 위해 경북, 충북 등 사업장이 위치한 지역을 중심으로 마더박스 지원사업을 펼치고 있다. 현재까지 전달한 마더박스는 총 850개, 금액으로 2억원에 달한다.
		]",,https://imgnews.pstatic.net/image/005/2023/09/08/2023090721401359078_1694090413_0924320090_20230908040414627.jpg?type=w800
2023-09-05 11:00:11,"에코프로, 3거래일 연속 '하락'…공매도 잔고는 '증가'",https://n.news.naver.com/mnews/article/015/0004887719?sid=101,"[




사진=한경DB에코프로와 에코프로비엠의 주가가 연일 약세를 보이고 있다.5일 오전 10시 52분 기준 에코프로는 전일 대비 4만원(3.6%) 하락한 107만1000원에 거래되고 있다. 이 회사의 주가는 3거래일 연속 하락세를 보이고 있다. 전날에는 에코프로비엠에 코스닥 시총 1위 자리를 내줬다.같은 시간 에코프로비엠의 주가도 전일 대비 4500원(1.3%) 떨어진 30만3500원을 가리키고 있다.최근 에코프로의 공매도 잔고 금액은 늘어나고 있다. 지난달 31일 기준 에코프로의 공매도 잔고는 1조7086억원, 잔고 수량은 136만주로 각각 집계됐다. 공매도 잔고가 1조원을 넘어선 건 7월 24일 이후 처음이다. 지난달 2%대에 위치했던 공매도 비중도 5.1%로 뛰었다.증권가는 2차전지주의 변동성에 주의할 것을 권했다. 전날 키움증권은 보고서를 내고 ""삼성전자 주가 향방에 따라 반도체 업종 수급 쏠림이 나타날 수 있다""며 ""반도체와 수급 공방을 이어가고 있는 2차전지주도 국내 수출 부진 등을 감안해 단기적인 수급 변동성이 나타날 수 있어 유의할 필요가 있다""고 말했다.
]",,https://imgnews.pstatic.net/image/015/2023/09/05/0004887719_001_20230905110011072.jpg?type=w800
2023-09-07 14:15:08,"[fn오후시황] 코스피, 외인·기관 ‘팔자’에 약세...에코프로 장중 100만원 붕괴",https://n.news.naver.com/mnews/article/014/0005069030?sid=101,"[
 



코스피, 코스닥. [파이낸셜뉴스] 국내 증시가 기관과 외국인의 매도 속에 약세를 보이고 있다.   7일 오후 1시 50분 기준 코스피지수는 전 거래일 대비 19.54p(0.76%) 내린 2543.80을 기록하고 있다. 이날 지수는 전날보다 8.47p(0.33%) 하락한 2554.87에 거래를 시작했다.   기관과 외국인이 매도세로 지수를 끌어내리고 있다. 이 시간 유가증권시장에서 기관과 외국인은 각각 2378억원, 577억원어치 순매도 중이다. 반면 개인은 2726억원 순매수 하고 있다.   시가총액 상위 종목들 중에선 LG에너지솔루션(-2.28%), 삼성SDI(-1.66%), 기아(-0.89%), 삼성바이오로직스(-0.82%), 카카오(-0.71%), 현대차(-0.32%) 등이 약세다. 오전 하락세를 보였던 SK하이닉스(0.51%), 삼성전자(0.29%)는 상승세로 전환했다.   코스닥지수는 전날보다 13.53p(1.47%) 내린 904.42를 기록하고 있다. 이날 코스닥은 전 거래일 대비 3.32p(0.36%) 내린 914.63에 개장했다.   이 시간 코스닥시장에서 외국인과 기관이 각각 1800억원, 504억원어치를 순매도 중이다. 개인이 홀로 2613억원어치를 사들이고 있다.   코스닥시장 시가총액 2위 에코프로는 하락세를 보이며 100만원 선을 간신히 유지하고 있다. 현재 에코프로는 전날보다 4.57% 내린 100만2000원에 거래 중이다. 오후 장 들어 한때 100만원선을 내주기도 했다.   이외 에코프로비엠(-4.65%), 엘앤에프(-4.22%), 금양(-2.11%) 등 2차전지 관련주들이 나란히 약세를 보이고 있다.
		]",,https://imgnews.pstatic.net/image/014/2023/09/07/0005069030_001_20230907141508104.jpg?type=w800
2023-09-07 14:21:02,"[특징주] 에코프로, '황제주' 자리 내줬다…장중 99만7000원까지 '털썩'",https://n.news.naver.com/mnews/article/629/0000237305?sid=101,"[
증권가 전망도 '부정적'…""투자 매력 떨어진다""



2차전지 대장주로 일컬어지는 에코프로가 7일 장중 99만7000원까지 떨어졌다. /더팩트 DB2차전지 대장주로 일컬어지는 에코프로가 7일 장중 '황제주' 자리를 내줬다.이날 오후 2시 5분 기준 에코프로는 전 거래일(105만 원) 대비 4.00%(4만2000원) 하락한 100만8000원을 기록하고 있다. 이날 104만 원으로 개장한 에코프로는 장 초반 금세 하락세로 전환, 장중 99만7000원까지 고꾸라졌다. 에코프로 주가가 100만 원 아래로 내려간 것은 지난 7월 28일 이후 처음이다.같은 시각 에코프로비엠 역시 전 거래일(30만1000원)보다 4.32%(1만3000원) 떨어진 28만8000원에 거래가 이뤄진다. 에코프로비엠도 장 초반부터 줄곧 내림폭을 늘려가는 추세다. 장중 최저가는 28만5500원이다.현재 증권가에서 바라보는 에코프로에 대한 전망도 그리 밝지만은 않다. 모건스탠리캐피털인터내셔널(MSCI) 한국 지수 편입이 결정된 이후 주가 상승 재료가 소멸됐다는 등 더 이상 주가 호재가 없다는 분석이 우세하다.최근 전기차 업체들이 중국 업체의 리튬 인산철(LFP) 배터리를 채택하면서 실적에 상당한 영향을 미칠 것이란 분석도 주가 하락 전망에 무게를 싣는다.현시점 증권사들이 제시한 에코프로의 목표주가는 40만~60만 원대다. 가장 최근 목표주가를 제시한 곳은 하나증권이다. 하나증권은 투자의견은 '매도'와 함께 목표주가 55만5000원을 제시했다.김현수 하나증권 연구원은 ""에코프로는 3년 후 장기투자를 가정해도 현 가격에서는 투자 매력이 떨어진다""며 ""현재의 주가와 기업 가치 간 괴리가 크기 때문에 작은 이슈에도 쉽게 낙폭이 확대될 수 밖에 없을 것""이라고 말했다.발로 뛰는 더팩트는 24시간 여러분의 제보를 기다립니다.▶카카오톡: '더팩트제보' 검색▶이메일: jebo@tf.co.kr▶뉴스 홈페이지: http://talk.tf.co.kr/bbs/report/write
]",,https://imgnews.pstatic.net/image/629/2023/09/07/202383141694063748_20230907142102570.gif?type=w800
2023-09-06 16:32:05,증시 '9월 효과' 공포...에코프로 등 '믿을맨' 몰린다,https://n.news.naver.com/mnews/article/014/0005068430?sid=101,"[
 



 [파이낸셜뉴스] 코스피지수가 다시 하락 추세를 보이자 '9월 효과'에 대한 경계 심리가 강화되고 있다. 투자 주체들은 개별종목 장세 속에 삼성전자, 에코프로 등 기존 주도주에 자금을 집중하는 모습이다.   6일 한국거래소에 따르면 이날 코스피지수는 전 거래일보다 0.73% 하락한 2563.34에 거래를 마쳤다.   지난달 중순 2500선을 위협받기도 했지만 월말 기관의 매수세에 힘입어 이달 4일에는 2580선을 회복하기도 했다. 하지만 최근 2거래일 연속 하락세를 보이면서 박스피가 지속될 것이란 전망이 지배적이다.   시장 참여자들은 '9월 효과가 재현되는 것 아니냐'는 우려를 제기한다. 9월 증시는 통계적으로 약한 흐름을 보여왔다. 스탠더드앤드푸어스(S&amp;P)500지수를 비롯해 코스피·코스닥지수의 9월 평균 수익률은 모두 마이너스(-)를 기록했다. S&amp;P500은 1964년 1월 이후 -0.6%, 코스피는 1990년 1월 이후 -0.8%, 코스닥은 1996년 7월 이후 -2.7%로 나타났다.   이정연 메리츠증권 연구원은 ""9월 효과가 나타나는 이유에 대해서는 밝혀진 바 없다""면서도 ""분명한 것은 9월에는 주가 변동성을 야기할 재료가 다른 달보다 부족했다는 점""이라고 설명했다. 새로운 재료가 부족해 전월의 주가 모멘텀이 지속되는 경향을 나타냈다는 것이다. 8월 주가 하락 종목은 9월에도 하락세가 지속됐고, 반대로 상승 종목은 하방 경직성을 보였다.   실제 투자자들은 지난달에 이어 이달에도 시가총액 상위주 중심의 투자를 이어가고 있다. 개인은 이달 들어 에코프로 주식을 다시 사들이고 있다. 4거래일에 불과하지만 이달 개인의 에코프로 순매수 규모는 1249억원으로 전체 1위다. 포스코DX에도 1201억원에 개인 자금이 몰렸다. 엔비디아 등 글로벌 IT업종 강세에 따른 기대감에 코스피 이전상장 추진도 긍정적 영향을 미쳤다는 분석이다. 포스코홀딩스(1153억원), LG에너지솔루션(1026억원)에도 개인 매수세가 집중됐다.   외국인과 기관 투자자는 이달에 삼성전자, SK하이닉스를 많이 사들이고 있다.   증권사 관계자는 ""증시 변동성 확대와 함께 지지부진한 박스피 흐름이 이어질 것으로 보이면서 개별종목 장세가 길어지고 있다""며 ""테마주의 단기 급등락은 여전하지만 실적이나 사업 내용에서 확실한 주도주 지위를 얻을 수 있는 안전 투자에 나서는 양상으로 보인다""고 말했다.
		]",,https://imgnews.pstatic.net/image/014/2023/09/06/0005068430_001_20230906163205638.jpg?type=w800
2023-09-07 14:17:02,"[특징주] 에코프로, 40일 만에 장중 100만원 하회",https://n.news.naver.com/mnews/article/119/0002746960?sid=101,"[
장중 99만7000원 기록



ⓒ데일리안[데일리안 = 황인욱 기자] 에코프로가 40일 만에 장중 100만원 아래로 내려갔다.에코프로는 7일 코스닥시장에서 오후 2시15분 현재 전거래일 대비 3.62%(3만8000원) 내린 101만2000원에 거래되고 있다.에코프로는 장초반 혼조세를 보이다 오전부터 낙폭을 키워 장중 한 때 99만7000원까지 내려가기도 했다. 이 종목이 장중 100만원을 밑돈 건 지난 7월28일(93만5000원) 이후 처음이다.에코프로는 외국인 매도세가 몰리며 5거래일 연속 하락 중이다.
		]",,https://imgnews.pstatic.net/image/119/2023/09/07/0002746960_001_20230907141702262.jpeg?type=w800
2023-09-06 15:32:21,"[청주소식] 에코프로, 저소득가정 출산용품 후원 등",https://n.news.naver.com/mnews/article/003/0012073536?sid=102,"[




[청주=뉴시스] 임선우 기자 = ㈜에코프로가 충북의 출산률 증대에 힘을 보탰다.에코프로는 6일 4000만원 상당의 출산 축하용품 '마더박스'를 충북도에 기탁했다.마더박스는 속싸개, 치발기세트, 젖병솔 및 젖병세트, 체온계, 온습도계, 손수건, 보온병, 수건, 수납박스 등 육아 필수품으로 구성됐다.이 물품은 초록우산 어린이재단을 통해 도내 저소득가정 170세대에 전달될 예정이다.◇김성호 칠장, 옻칠 공개 행사충북 청주시는 9일과 10일 이틀간 문화제조창 4층 옻칠공방에서 충북도무형문화재 제27호 김성호 칠장의 공개 행사를 연다.김성호 칠장은 자개, 나전, 옻칠 등 전통 방식을 활용해 만든 작품과 제작 도구를 소개하고 제작 과정을 시연할 예정이다.그는 1972년부터 나전장 김봉룡·이성운 장인에게 옻칠 기술을 배워 전통의 맥을 이어가고 있다.특히, 옻칠 기법 중 모시나 삼베를 심으로 해 칠을 입히는 '건칠기법'에 뛰어난 솜씨를 지녔다는 평가다.
]",,https://imgnews.pstatic.net/image/003/2023/09/06/NISI20230906_0001358296_web_20230906152925_20230906153221076.jpg?type=w800
2023-09-07 14:08:01,"[특징주] 에코프로, 장중 황제주 반납…99.7만원서 거래",https://n.news.naver.com/mnews/article/366/0000930217?sid=101,"[
			        16년만에 등장한 코스닥 시장 황제주(주당 100만원 이상에 거래)인 에코프로가 장 중 100만원 선이 깨졌다.



에코프로비엠 청주 오창 본사(에코프로 제공) ⓒ News1        7일 에코프로는 장 중 한때 5% 넘게 주가가 하락하며 99만7000원까지 내려앉았다. 에코프로의 주가가 100만원 밑으로 떨어진 건 종가 기준으로 지난 7월 27일 이후 처음이다.이날 오후 2시 2분 기준 에코프로는 4% 하락한 100만8000원에 거래 중이다. 에코프로비엠 역시 4.49% 떨어진 28만7500원에 거래 중이다.에코프로뿐만 아니라 이차전지 관련주들은 약세를 보이고 있다. 같은 시각 LG에너지솔루션은 전날보다 2.28%, 포스코퓨처엠은 5.71% 빠진 가격에서 거래되고 있다.
]",,https://imgnews.pstatic.net/image/366/2023/09/07/0000930217_001_20230907140801357.jpg?type=w800
2023-09-08 07:56:01,[김대호 박사의 오늘 기업·사람] 화웨이·애플·SMIC·에코프로·LG엔솔·한화·HD,https://n.news.naver.com/mnews/article/374/0000350403?sid=101,"[
■ 모닝벨 '오늘 기업 오늘 사람' - 김대호 글로벌이코노믹연구소장·경제학 박사·세한대 특임교수◇ 미-중 무역 갈등 '화웨이·애플·SMIC'최근 미국 인사들의 잇단 방중으로 다소 풀리는 듯도 했던 미중 관계에 다시 냉기가 돌고 있습니다. 강도 높은 제재에도 불구하고 중국이 고성능 반도체를 만들어 내자, 깜짝 놀란 미국에서 중국 최대 반도체 위탁생산 기업인 SMIC에 대한 조사 필요성 언급이 나왔는데요. 확대되는 양국 간 빅테크 갈등 전선, 오늘(8일) 첫 소식으로 살펴보겠습니다. 박사님, 구체적으로는 미 의회에서 나온 얘긴데요. SMIC가 미국의 제재를 위반하고 통신업체 화웨이에 납품해서 고성능 스마트폰 개발에 키가 됐다- 이렇게 의심하고 있죠?- 美 의회 ""'화웨이 사용' 中 SMIC 프로세서 조사 필요""- 화웨이, SMIC 7나노칩 탑재…""美 제재에도 기술 진보""- 스마트폰 사업 중단 4년 만에 '메이트 60 프로' 출시- 中, 최신 EUV 장비 사용 불가 상황 감안 ""충격적""- ""SMIC 美 제재 위반한 듯""…레거시 칩 규제 검토 필요- 백악관 ""해당 칩 특성 파악 위해 더 많은 정보 필요""- ""격차 줄었다""…삼성, 2분기 파운드리 점유율 11.7%- TSMC 점유율 56.4%…전 분기보다 3.8%p 하락- 7·6나노 제조 공정 수익 순항…5·4나노는 위축- ""최근 아이폰 생산 사이클 순풍, 부품 수요 급증""- 궈밍치 ""화웨이, 스마트폰 사업 되살릴 수 있을 것""- 화웨이 신형 '메이트 60 프로' 호평…""美 제재 극복""- 런정페이 띄우기 나선 中…반도체 자립 대대적 홍보- 43세 늦은 나이에 무일푼으로 화웨이 창업한 런정페이- 군인 출신 런정페이…""화웨이 공산당 소유"" 의혹도- 화웨이 ""미국, 런정페이 회장 초청설은 사실무근""- 모범생 기업인 런정페이, 마윈·마화텅 등과는 달라- '항미의 아이콘' 화웨이 멍완저우, 경영 전면에 나서- 멍완저우 ""화웨이=매화"" 비유하며 제재 돌파 자신감- 화웨이 창업자 런정페이 딸로 순환회장 맡은 멍완저우- ""2022년은 화웨이가 위기 모드에서 벗어난 해"" 자신- 혹독한 겨울 이겨내고 봄에 가장 먼저 꽃 피우는 매화- 2018년 대이란 제재 위반…캐나다에 억류된 멍 회장- 2021년 9월 中 귀환, 美 탄압 이겨낸 '영웅'으로 대접- 화웨이 새 폰에 SK하이닉스 칩이?…하이닉스 ""거래 안 해""- 메이트 60 프로 해체 분석, 'SK하이닉스 칩' 포함- 블룸버그 ""화웨이에 부품 공급한 이례적 글로벌 업체""- 블룸버그 보도에 하이닉스 ""美 규제 준수…경위 파악 중""- 美의 中 제재 도입 전 부품 '비축분' 활용 가능성도- 中 온라인상에서 '美, 화웨이 회장 초청' 루머 확산- 화웨이 신형 5G 스마트폰 출시에 '中 기술력 띄우기'- 화웨이 ""미국, 런정페이 회장 초청설은 사실 무근""- '헛소문'이라는 도장 찍어 관련 글 공개한 화웨이- 꺾이지 않는 中 반도체 굴기…55조 원 대형 펀드 조성- 美 제재 강화 속 中 독자적 기술 개발로 돌파구 마련- 국가 지원 투자금 '중국집적회로산업투자기금' 조성- 일명 '빅펀드'라 불리는 반도체 투자 기금 조성 세 번째- 2014년·2019년 각각 1387억 위안·2000억 위안 조성- SMIC·화훙반도체 등 대형 반도체 기업에 자금 투입- 반도체에 막대한 자금 쏟아부었지만 ""큰 성과 없어""- 2025년 반도체 자급률 70% 목표…2020년 15.9% 불과- 기존과 달리 반도체 제조 장비에 집중 투자…美 제재 대응- 화웨이 밀어주기?…中, 공무원에 ""외국폰 쓰지 마""- 中 정부, 정부 기관에 아이폰 등 사용금지 지침 내려- ""해외 기술 의존 낮추고 사이버 보안 강화 위한 조치""- 美 틱톡 사용금지 대응·화웨이폰 사용 독려 분석도- 애플의 최대 시장인 중국…""전체 매출의 19% 달해""◇ 2차전지 공매도 '에코프로·LG엔솔'다음 소식도 살펴보죠. 어제(7일) 국내 증시에서는 2차전지 대장주인 에코프로가 화제였습니다. 장중 100만 원대가 무너졌는데, 2차전지 테마주 열풍이 끝물에 들어선 건지 투자자 관심이 커지고 있습니다. 박사님, 종가 기준으로는 아슬아슬하게 100만 원을 지지하긴 했습니다만 장중 100만 원이 깨졌습니다. 지난달 말만 해도 주가가 120만 원대 중반이었는데 하락세가 가파르네요?- 에코프로, 4%대 하락…어제 장중 100만 원대 붕괴- 5거래일 연속 하락…한 달 반 만에 100만 원 이탈- 자회사 에코프로비엠도 동반 하락세…28만 9000원 마감- 에코프로, 황제주 자리도 '위태'…2차전지 끝물?- 포스코퓨처엠·금양·LG엔솔 등 2차전지 줄줄이 약세- 증권가 ""상반기 과열됐던 2차전지 주가 제자리로""- 에코프로 주가 최근 하락세 두고 ""비정상의 정상화""- 개인 투자자 매도세 부각…한 달간 1조 넘게 순매도- 2차전지 고점론 확산…'하락 베팅' 상품 속속 등장- 에코프로 열풍, 블룸버그도 놀랐다…""무서운 개미들""- ""에코프로, 올해 세계서 가장 많이 오른 주식 중 하나""- 이동채 전 회장, '내부자 거래' 혐의로 실형 선고- ""창립자 구속 와중에도 올라…주식에 흠집 못 내""- 에코프로 투자 광풍 두고 'Retail army' 언급- 에코프로 올린 개미…""투기적 성향 짙어 손실 우려""- 2차전지 '공매도 전쟁' 재점화…잔액만 5.4조 이상- 박스피 장세에 외국인 2차전지 하락에 대거 베팅- 에코프로·비엠·LG엔솔·포스코홀딩스·엘앤에프 등- 에코프로 공매도 비중 2%대에서 5.5%로 치솟아- 에코프로비엠 주가, 한 달 반 만에 33% 이상 급락- ""中, 배터리 과잉 생산""…태양광처럼 덤핑으로 장악?- 태양광처럼 막대한 보조금 지원…저가 배터리 공세- 수요 급증 예상에 경쟁 가열…과잉 생산 위험 고조- 현재 양상은 철강·알루미늄·태양광 장악 패턴과 비슷- 中 배터리 과잉 생산, 새로운 갈등으로 부상 가능성- 전기차 판매 둔화에 리튬값도 하락…K-배터리 우려◇ 잠수함 전쟁 '한화·HD'마지막으로 방산시장으로도 가보겠습니다. 국내 방산업계 떠오르는 맞수죠. 연초부터 수주 경쟁을 벌여온 김동관 한화그룹 부회장과 정기선 HD현대 사장이 이번엔 70조 잠수함 시장을 잡기 위해 동분서주하고 있습니다. 박사님, 폴란드 잠수함 시장에 큰 장이 열렸다고요?- 70조 잠수함 시장 열린다…한화·HD현대 '물밑 전쟁'- K-방산 폴란드 총출동…두다 대통령에 잠수함 세일즈- 5일 폴란드 키엘체서 국제방위산업전시회(MSPO) 개막- 총 30개국, 350여 개 업체 참가…현대로템·한화 등- K-방산 입지 확인…치열한 수주 경쟁, 유럽시장 공략- 안제이 두다 폴란드 대통령, 한국 무기 체계에 관심- 김동관 부회장, '장보고-III 배치-II' 기술력 설명- ""한화 육해공 방산 토털 솔루션, 기술 협력에 기여""- 폴란드어로 범고래 의미하는 '오르카' 포르젝트 추진 - 3천t급 잠수함 3~4척 새로 도입…11개 업체 참여- 200m 이상 잠항 심도·기술이전 등 까다로운 조건 제시- 두다 대통령 한화부스 방문, 김동관 부회장 직접 설명- 3천t급 잠수함 1척당 가격 2조 원…고가 해양전력- 우크라 전쟁 이후 한국 무기 대거 사들이는 폴란드- 폴란드 이어 캐나다 등 신형 잠수함 도입 사업 추진- 캐나다 60조 원 발주 추진에 HD현대 등 첨단기술 총력전- 정기선 vs. 김동관, 싱가포르서 친환경 선박 '승부'- 김동관, 폴란드 이어 싱가포르서 친환경 선박 세일즈- 싱가포르 '가스텍 2023'서 에너지 기업과 협력 논의- 친환경 선박·에너지 관련 가스텍 행사, 100여객 참여- 김동관 ""미래 해양 시장 선도, 솔루션 마련에 지속 투자""- 한화오션, 친환경·디지털 선박 분야에 6000억 원 투자- 한화 김동관-HD현대 정기선, 글로벌 시장 개척 박차- 김동관-정기선, 절친에서 적수로…나이·승진도 비슷- 엔진·방산·조선 등 경쟁 구도 형성…수주성과 관심- 부친 김승연-정몽준도 친구이자 장충초 동창 사이- 차기 총수로 경영성과 必…재계 7·8위로 더욱 촉각(자세한 내용은 동영상을 시청하시기 바랍니다.)당신의 제보가 뉴스로 만들어집니다.SBS Biz는 여러분의 제보를 기다리고 있습니다.홈페이지 = https://url.kr/9pghjn
]",,https://imgnews.pstatic.net/image/374/2023/09/08/0000350403_001_20230908083601545.jpg?type=w800
