date,title,link,content,press,thumbnail_link
2023-09-16 11:00:36,"테슬라 주가 말고, 당신 월급이 올라야 진보다",https://n.news.naver.com/mnews/article/056/0011567533?sid=101,"[




■ 머스크의 전 지구적 힘고작 차를 100만 대 정도 팔았는데, 지구 최고의 부자가 됐다. (토요타 아키오 회장은 해마다 그 10배를 팔지만, 근처도 못 간다) 한마디 하면 세계가 주목한다. 세계 언론이 연말마다 '올해의 인물'로 선정한다. 테크놀로지 혁신의 아이콘이다. 스스로도 자신이 '역사적 인물'의 반열에 있다고 여긴다. 말 그대로 자타가 공인하는 전 지구적 인물이다.그러나 위인이라기엔 괴이한 인물이다. 최근 출판된 그의 전기(월터 아이작슨 작)를 보면 그는 너무 충동적이고, 공감 능력이 없고, 때로는 '악마모드'로 변하는 결함 많은 인물이다. 문제는 그에게는 너무 큰 결정 권한이 있다는 점이다.그는 전쟁으로 폐허가 된 우크라이나에 '스타링크'라는 위성 통신 시스템을 제공하고 있는데, 그의 결정권은 논란의 대상이다. 이를테면, 우크라이나가 크림 반도를 공격할 때 스타링크를 사용할 수 있게 해달라고 했지만, 그는 허락하지 않았다. 러시아가 영토라고 주장하는 곳에서 사용할 수는 없게 했다. 아이작슨의 책에는 이 문제로 머스크가 우크라이나 국방장관과 암호화된 메시지를 교환했단 대목이 등장한다.트위터라는 거대 소셜미디어 업체를 사더니, 직원 절반을 해고한다. '공화당을 찍으라'고 트윗을 하고, 혐오 발언으로 삭제되었던 트럼프의 계정을 복구시킨다. 주권 국가의 국방을 좌우할 수 있고, 소셜미디어 업체를 경영하면서, 미국 정치의 의사결정에도 영향력을 행사한다.



머스크만 그런 것은 아니다. 빅테크 기업의 CEO들은 크건 작건, 기업가 이상의 지구적 힘을 가지고 있다. 앞서 스티브 잡스가 그랬고, 빌 게이츠가 그렇고, 저커버그도 그렇다. 그러니 당연히 정부에는 그 힘을 제한하겠다고 나서는 일종의 '저승사자'들이 있다.■ 구글을 부숴버리겠다는 EU 경쟁 당국미국 공정거래위원회(연방거래위원회 FTC)의 수장 리나 칸이 대표적이다. 일반적으로 기업이 시장을 독점하면 '소비자 가격을 높이고, 노동자 임금을 낮춘다'다. 페이스북은 그 독점을 위해 인스타를 합병하고, 왓츠앱도 합병한다. 이 34살 젊은 장관은 '전자 상거래를 장악한 아마존이 수많은 자영업자의 슈퍼 갑이 되었고, 노동자 감시 수준을 초 단위로 체계화했으니 설사 소비자 부담을 높이지 않더라도 규제해야 한다'는 내용의 논문으로 스타가 됐고, 장관도 됐다.  그는 빅테크 분할까지 주장하며 '빅테크 저승사자'를 자처한다.유럽에도 그런 사람이 있다. 마가렛 베스타거, 덴마크 경제부 장관을 지냈다. 지금은 EU의 공정위쯤 되는 경쟁담당 집행위원회 수석부위원장이다. 지금은 유럽투자은행장 EIB 으로 지명된 상태인 그는 구글을 부숴버리겠다고 공언했다. 지난 6월에는 ""구글은 온라인에 광고할 공간을 판매하고, 또 그 광고를 중개하는 역할도 한다. 또 모든 광고와 관련된 방대한 개인 정보 데이터도 가지고 있다. 따라서 구글은 광고 기술 공급망에서 어디에나 존재하는 존재(Ubiquitous)""라고 했다. 



좌 : 리나 칸, 우 : 마가렛 베스타거 그러면서 베스타거는 구글이 '독점적 지위를 남용해 경쟁사와 고객사에 해를 끼쳤을 것'이기 때문에 처벌의 대상이라고 했다. 구글을 쪼개지 않는 한 경쟁 저해 우려를 해결할 수 없을 것이라고 공언도 했다. 구글 비즈니스 모델의 핵심 근간을 부숴버리겠단 얘기다.최근에는 디지털 시장법(DMA)으로 애플이나 구글, 아마존, 바이트댄스, 메타, MS에 경고장도 발송했다. 앱스토어나 광고시장 독점, 클라우드 시장 독과점, 소셜미디어 분야를 장악한 이 회사들이 독점력을 활용해 경쟁자의 시장 진입을 막고 있을 수 있으니 살펴보겠다는 취지다. 유럽을 장악한 해외 빅테크 기업에 대한 본격적 '숨통 죄기'에 나섰다.우리는 '삼성전자'가 부당하게 불이익을 받을 수 있다는 측면에서 이 뉴스를 접했지만, 실은 삼성은 처음부터 타겟이 아니었다. '너무 막강한 빅테크'여서 때려잡겠단 이야기니까. 그게 이 지구촌 경제를 걱정하는 사람들의 가장 큰 화두이니까.■ 테크놀로지 독주는 진보가 아니다'진보'를 위해선 '테크놀로지 기업을 통제해야 한다'는 주장도 광범위한 지지를 받고 있다. &lt;국가는 왜 실패하는가?&gt; 라는 책으로 널리 알려진 미국의 경제학자 대런 아세모글루는 기술 기업 통제에 자본주의, 나아가 이 세상의 지속 가능성이 달려있다고 주장한다.최신 저작 &lt;권력과 진보&gt;에서 그는 '테크놀로지(기술) 그 자체는 결코 진보를 의미하지 않는다'고 단언한다. 오히려 그는 기술을 우려한다.최근 기술 발전의 심장으로 주목받는 빅테크 기업들은 부를 점점 더 소수에 집중시킨다. 그 방식은 우려스럽기 그지없다.



권력과 진보, 대런 아세모글루, 사이먼 존슨 지음아마존은 물류센터 노동자들을 가혹하게 관리, 감독, 감시한다. 사람을 사실상 로봇처럼 취급한다. 이걸 가능하게 하는 기술은 AI 알고리즘에 의해 자동화된 시스템이다. 아마존만 AI 기술로 노동자를 압박하는 것은 아니다. 대부분의 빅테크 기업들이 거대한 빅데이터와 AI를 활용해 시장을 독점하고, 노동력을 자동화한다.  이런 과정은 생산성을 별로 향상시키지 못하면서 노동자만 기계로 대체한다. '그저 그런 자동화'로 노동자 몫이던 이윤을 기업의 몫으로 이전한다. 빅테크의 주가가 올라가는 그만큼 노동자 몫의 임금은 줄어든다. 인간 노동은 줄여야 할 '비용'으로 절하된다.그런데 그런 혁신 기업들이 도리어 ""매우 소수의 사람이 매우 막대하게 기여한다""는 환상을 만든다. AI 기술은 혁신이고 진보이니, 피할 수 없는 것으로 받아들여야 한다는 관념도 형성한다. 이렇게 되면 노동력은 더 적게 필요하고, 임금은 오르기 어렵고, 보통 사람들의 생활 수준은 개선되기 어려운데 그것이 진보라는 '환상'을 만든다는 얘기다.■ 테슬라 주가 말고, 평범한 사람의 월급이 올라야 진보다대런 아세모글루는 'AI 환상'을 벗어나 기술 혁신이 '번영을 공유하는 방향'으로 작동하게 만들 때만 진보를 이룰 수 있다고 단언한다.그러면서 '생산성의 밴드왜건'이란 개념을 내세운다. 생산성을 높여주는 혁신적 기술이 실제로 생산량을 늘리게 되면, 더 많은 노동자가 필요하게 된다. 그리하여 기업들이 노동력을 더 필요로 하게 되면 임금이 오른다. 이 과정을 거쳐 기술 진보가 더 많은 사람의 생활 수준을 높여야 한다. 이게 지금까지 인간이 역사적으로 달성해온 진보의 본질이다.그러니까, 테슬라 주가가 오른다고 진보가 아니다. 평범한 사람들의 월급이 올라 '번영이 폭 넓게 공유되어야' 진보다.이 생각은 아세모글루를 세계적 학자로 만든 &lt;국가는 왜 실패하는가&gt; 에 등장하는 대한민국과 북한의 대비를 보면 이해하기 쉽다. 그는 NASA가 찍은 위성사진을 보면서 '남한은 대낮같이 환한데, 왜 북한은 칠흑같이 어두운가'를 묻는다.



2014년 NASA가 찍은 밤하늘 한반도   북한은 전력난으로 칠흑 같은 밤을 보내야 한다. 반면 남한은 대낮같이 휘황찬란하다. 1945년 남북한 정부가 판이한 경제 운용 방식을 채택하면서 운명이 갈렸다. &lt;국가는 왜 실패하는가&gt;   북한은 착취적 제도의 상징이다. 특권 계층의 이익을 대변하는 폐쇄적 제도를 지속했다. 그리고 실패했다.반면, 한국은 저축과 투자, 혁신을 통해 경제를 성장시키는 인센티브 제도를 운용했다. 또 그와 함께 학생과 노동자의 저항이 좀 더 공평한 민주주의를 발전시켰다. 부가 생겨났고, 민주적으로 분배됐다. 번영과 진보는 이런 포용적 제도 아래서만 달성된다.그러니까 중요한 것은 '번영을 공유하게 하는 포용적 제도'이지, '기술  자체'가 아니다. 만약, 기술이 부를 소수에 집중시키고 대다수를 외면한다면 퇴보다.■ 대성당과 철도'기술이 진보가 아니'라니, 이해하기 쉽지 않겠지만, 아세모글루는 수많은 역사적 논거를 든다. 유럽의 중세를 예로 들면, 중세는 기술 발전이 멈춰있던 시기가 아니다. 농업기술은 계속 발전했고, 생산성도 지속적으로 향상됐다. 단지 새롭게 생겨난 부를 '교회'가 독점했을 뿐이다.그 상징이 '대성당'이다.   잉여의 대부분은 종교 교단으로 흡수되었다. 대성당, 수도원, 예배당을 짓는 데 들어갔다. 1100년 이후 26개 도시에 대성당이 세워졌고 8,000개의 새 예배당이 지어졌다. 대부분의 사람이 쓰러져 가는 집에 살던 시절에 대성당은 석조 건물로 지어졌고 대개 슈퍼스타급 건축가가 설계했으며 어떤 것은 완공되는 데 몇백 년이 걸렸다. 프랑스에서 1100년에서 1250년 사이 많게는 총 산출의 20 퍼센트 가량이 종교 건축물을 짓는 데 쓰인 것으로 추정된다. 매우 높은 숫자다. 사실이라면 기본적으로 사람들을 먹이는 데 필요한 최소량 이상의 산출은 거의 다 종교 건축물에 들어갔다는 뜻이다.&lt;권력과 진보&gt;   중세 유럽에서 대다수 사람이 진보의 과실을 누리지 못하고 빈곤 속에 살았다. 기술 발전이 없었기 때문이 아니다. 기술의 과실을 교회와 같은 권력이 불평등하고 강압적으로 독점하는 폐쇄적이고 왜곡된 제도가 자리했기 때문이다. 



 현재 보수 중인 프랑스 노트르담 대성당산업혁명 이후 등장한 철도 역시 때로는 진보의 상징이지만, 때로는 억압의 상징이다.우선, 영국에서는 진보의 상징이다. 철도 건설에 일자리가 생겼다. 운영 과정에선 매표소 직원과 기차 유지보수 인력이 필요했다. 철강 산업도 더 발달했다. 더 먼 곳에 상품을 공급할 수 있게 되자, 가공식품과 가정용품 산업에 날개가 달렸다. 엔지니어링과 경영관리에 인력을 투입하게 됐다. 철도가 수많은 연관 산업에서 생산성을 높이고 새로운 노동 기회를 창출했다.그러나 식민지 인도에서는 달랐다. 인도에서 철도는 경제적 근대화가 아니라 '식민지 본국의 이익을 관철하는 수단이자 통제의 수단'이었다. 철도와 철강은 영국에서 수입됐고, 철도는 유럽 제조품이 인도에서 팔리게 만드는 수단이었다. 영국의 자본만 좋은 것이었다. (식민지 조선에서도 마찬가지였을 것이다)   설상가상, 철도는 억압의 도구가 되었다. 철도가 억압을 실어나르는 비용을 떨어뜨렸다. 인도에 대기근이 와도 영국은 마땅히 실어날라야 할 식량을 싣지 않으면서 억압에 기여했다. 소요사태 시에는 진압병력 투입에 활용했다. 억압의 비용을 줄이는 네트워크의 힘이었다.&lt;권력과 진보&gt;  다시 한번, 기술은 진보가 아니다. 기술이 생산성 향상을 불러오고, 노동력을 더 필요하게 하고, 그리하여 모두의 실질 생활 수준이 향상되어야 진보다.이 과정에는 '기술'도 필요하고, 동시에 '기술이 포용적 번영으로 이어지게 하는 비전'이 필요하다. '포용적 비전'은 저절로 이뤄지지 않는다. 아세모글루는 '투쟁하는 노동자나 상황을 바로잡으려는 정치 권력의 힘'이 필요하다고 말한다. 길항 권력이다.그런데 지금은 그런 '저항의 구심점'이 없다. 그사이 기술은 경제 부문을 넘어서 민주주의 자체를 위협한다.■ 기술은 심지어 통제사회를 만든다우선 중국에서 그렇다. 기술은 감시의 수단이 되고 있다. 중국은 '예측적 치안'이라고 부른다. 빅데이터를 이용해 감시한다. DNA를 대규모로 수집하고, 홍채정보도 수집한다. AI가 CCTV로 얼굴 특징을 분석하고, 휴대전화 메시지에서 '불온한 단어'를 찾아낸다.필리핀에서, 러시아에서, 사우디에서, 멕시코에서, 그리고 미얀마에서, 수많은 나라에서 디지털 도구는 정보 유통과 저항을 억누르려는 독재자의 강력한 무기가 됐다.심지어 민주주의 국가에서도 이스라엘이 만든 '페가수스'와 같은 소프트웨어를 활용해 자국의 시민들을 대규모로 사찰하고 있다. 미국 역시 기술을 동맹국 도청과 감시의 수단으로 활용한다.■ 유튜브와 페이스북, 민주주의를 두 동강이 낸다



상원 AI 청문회에 참석한 마크 저커버그    알고리즘의 필터가 사용자들에게 본인의 견해와 일치하는 목소리만 들리는 인공적 공간을 만들어준다. 페이스북 알고리즘은 우파 콘텐츠를 우파 성향 사람에게 보여줄 가능성이 크고, 좌파 콘텐츠를 좌파 성향인 사람에게 보여줄 가능성이 크다. 그 결과 생기는 필터 버블이 소셜미디어에서 가짜 정보의 확산을 강화한다.가짜 정보와 증오 선동은 페이스북만의 문제가 아니다. 2016년경에 유튜브는 극우 세력 사이에서 가장 강력한 멤버 모집 통로로 부상했다. 유튜브 알고리즘의 추천에 따라 점점 더 급진적인 콘텐츠를 보게 되고 더 깊이 빠져든다.&lt;권력과 진보&gt;  모두 빅테크의 비즈니스 모델 때문이다. 그들이 거대한 데이터를 확보해서, AI로 분석한 뒤 디지털 광고를 위한 수단으로 활용한다.  이 비즈니스 모델에서는 사람들이 '좋아요'를 더 보내는 관여도 높은 콘텐츠가 많아져야 사람들이 더 오래 플랫폼에 머물러야 수익이 극대화된다. 규제받지 않는 '이윤동기'가 민주국가의 시민들이 더 극단적인 생각으로 향하게 하고, 서로 미워하게 하고, 혐오하게 만들고 있다는 이야기다.그러니까, '좋아요' 이코노미가 빅테크 이코노미를 만들고, 민주주의를 위협한다.진정한 진보, '포용적이고 번영을 공유하는 사회'를 향한 여정이 곳곳에서 벌어지고 있다. 그러나 동시에 AI 기술 등을 앞세운 기술적 성취 자체가 진보라고 여기는 인식도 적지 않다. 아세모글루는 이 같은 '비전'의 차이를 주시해야 한다고 말한다. 어떤 비전이 세상을 널리 이롭게 하고, 민주주의를 지키고, 진정한 진보로 향하는지 감시해야 한다는 것이다.짧게 말하면 이렇다. 테슬라 주가 말고, 당신 월급이 올라야 진보다.■ 제보하기▷ 전화 : 02-781-1234, 4444▷ 이메일 : kbs1234@kbs.co.kr▷ 카카오톡 : 'KBS제보' 검색, 채널 추가▷ 네이버, 유튜브에서 KBS뉴스를 구독해주세요!
]",KBS,https://imgnews.pstatic.net/image/056/2023/09/16/0011567533_001_20230916110104002.jpg?type=w800
2023-09-15 03:04:17,쏘나타 52만원·테슬라 13만원? 30년만에 자동차세 손본다,https://n.news.naver.com/mnews/article/023/0003787962?sid=101,"[
정부 “배기량 대신 판매가 등 새로운 잣대 마련”							정부가 30년여 년 만에 자동차세를 전면 개편한다. 지난 13일 대통령실이 행정안전부 등 관련 부처에 새 제도 도입을 검토하라고 권고한 데 따른 것이다. 개편 핵심은 자동차세 부과 기준이다.현재 우리 국민은 보유한 차량 수마다 매년 지방세로 자동차세를 낸다. 자동차세를 매기는 기준은 자동차 엔진 배기량이다. 비영업용 승용차를 기준으로 배기량 1000cc 이하는 1cc당 80원, 1600cc 이하는 140원, 1600cc 초과는 200원이다. 이런 배기량 기준으로 세금을 매기는 방식은 1990년 도입됐다.당시만 해도 배기량 기준 과세는 큰 문제가 없었다. 배기량은 엔진 실린더 내부의 부피를 가리키는데, 당시엔 큰 엔진을 실은 차가 더 크고 더 비싸고 더 무거웠다. 배기량이 큰 차가 재산으로서 가치도 크고 도로를 손상하거나 대기를 오염시키는 정도도 더 커서 보유세 성격을 띤 자동차세 기준으로 크게 무리가 없었던 것이다.하지만 자동차업계 안팎에서는 전기차 전환이라는 시대적인 변화로 상황이 달라졌다는 인식이 크다. 당장 엔진이 없는 전기차는 배기량을 잴 수 없어 과세 기준이 없다. 지방세법에서 ‘그 밖의 승용차’로 분류돼 일률적으로 13만원 안팎의 자동차세(이하 교육세 포함)를 낸다. 그러다 보니 차량 가격 등 새로운 잣대가 필요하다는 지적이 많다. 반면 전기차를 모는 소비자들 사이에선 “사실상의 증세”라는 반발이 나오고 있다. 정부는 이를 감안해 전기차 보급을 늘리면서도, 시대 변화를 반영한 합리적인 방안을 찾겠다는 방침이다.



그래픽=백형선 기술은 발달하는데 세제는 제자리걸음							자동차업계에서는 그간 세제가 기술 변화를 못 따라왔다고 지적한다. 이미 2000년대 초·중반부터 세계적으로 배출 가스를 줄이고 연비를 높이는 ‘엔진 다운사이징’ 기술 개발 바람이 불면서 종전의 배기량 기준은 구식이 되기 시작했다. 자동차 기업들은 엔진 출력을 높이는 장치인 ‘터보차저’ 등을 달거나 효율이 좋은 신형 엔진을 내놓는 방식 등으로 1600~2000cc 엔진으로도 2500~3000cc 못지않은 성능을 내는 차를 잇달아 선보였다.이는 올 1~8월 국내에서 팔린 수입차 중 약 52%가 배기량이 2000cc 미만일 정도로 일반화됐다. 예컨대 메르세데스 벤츠의 SUV ‘GLE 300d’는 1억1300만원짜리 고급차지만 1993cc짜리 디젤 엔진으로 달린다. 배기량이 작다 보니 자동차세는 약 52만원으로 차량 가격이 2808만원인 1999cc 쏘나타와 비슷하다.여기에 하이브리드와 전기차 기술이 한층 진화하면서 상황은 더 복잡해졌다. 현재 차 가격이 1억원이 넘는 테슬라의 전기차 ‘모델 S’는 자동차세가 13만원인데, 6211만원짜리 현대차 ‘제네시스 G80 3.5 터보’ 차주는 올해 약 90만원의 세금 고지서를 받았다. 차 가격은 2배인데 세금은 7분의 1만 내는 게 불공정하다고 느끼는 소비자도 늘고 있다. 전기차 보급이 확대될수록 이런 일이 더 많아질 거라는 게 업계의 관측이다.정부, “가격만으로 자동차세 매기지 않을 것”							전기차를 타는 소비자들은 제도 개편으로 세금이 늘어날까 우려하고 있다. 전기차는 고가의 배터리가 들어가 비슷한 크기 내연차와 비교해 20~30% 더 비싸, 대통령실이 예시를 든 것처럼 가격 기준으로 자동차세를 매기면 지금보다 세 부담이 커진다는 것이다. 전기차 구매로 환경 보호에 기여하는 점을 인정해주지 않는다는 불만도 나온다. 차 업계에서도 미래차 경쟁이 치열한데, 자동차세 개편 여파로 전기차 전환 속도가 더뎌질 것이란 우려도 크다.정부도 이런 점을 감안해 차량 가격 외에 탄소배출량이나 차 무게 등 세금 부과 기준을 복수(複數)로 두는 것을 유력하게 검토 중이다. 전기차의 경우 새로운 세금 기준을 적용하는 시기를 늦추는 등 별도로 부담을 줄여줘야 한다는 의견도 검토하는 것으로 알려졌다.일각에서는 자동차세 개편이 한·미 FTA와 충돌할 수 있다는 지적도 나온다. 정부와 전문가들 사이에서도 “새로운 제도가 일방적으로 특정 국가 제품에 불리하게 적용되는 경우가 아니라면 문제가 없을 것”이란 의견과 “FTA 재협상 사안에 해당하고, 미국이 우리 측에 다른 요구를 해올 수 있다”는 의견이 엇갈리는 것으로 알려졌다.
]",조선일보,https://imgnews.pstatic.net/image/023/2023/09/15/0003787962_001_20230915062303454.jpg?type=w800
2023-09-15 08:05:01,"테슬라 13만원, 아반떼 29만원.. 자동차세 어떻게 바뀌려나",https://n.news.naver.com/mnews/article/661/0000031333?sid=101,"[
정부, 30여년만에 자동차세 개편 추진엔진 없는 전기차 대두 맞물려 개편 여론차량 가격, 탄소배출량, 중량 등 기준 고려



사진은 기사와 관련 없음‘테슬라는 13만 원, 아반떼는 29만 원?’이 가격. 자동차세입니다. 차량 보유한 국민이 매년 내는 세금이죠. 자동차세, 엔진 배기량으로 산정합니다.승용차를 기준으로 배기량 1,000cc 이하는 1cc당 80원, 1,600cc 이하는 140원, 1,600cc 초과는 200원입니다. 이렇게 세금 매긴지 30년이 넘었습니다.전기차는 엔진이 없으니 위와 같은 배기량을 측정하기가 불가능합니다. 엔진 대신 배터리를 장착한 전기차는 자동차세 어떻게 낼까요.지방세법에 근거가 있습니다. ‘그 밖의 승용차’로 분류돼 일률적으로 13만 원 안팎의 자동차세를 냅니다.출고가가 1억 원이 넘는 테슬라는 13만 원, 출고가가 2,000만 원 안팎인 아반떼는 29만 원 내야 하는 자동차세를 두고 논란이 커지자 정부가 손질에 나서기로 했습니다.



대통령실은 최근 자동차세 부과 근거가 담긴 지방세법에 대해 부과 기준 개편 방안을 마련하라고 관련 부처에 권고했습니다.1990년대부터 시행된 배기량 기준 자동차세 부과 큰 문제는 없었습니다. 배기량이 크면 엔진의 크기가 컸고, 차량 가격이 대체로 더 비쌌으며, 대기 오염 정도도 비례했습니다.그런데 시간이 지나면서 친환경차 시대로의 전환을 맞게 됐고, 배기량을 산정할 수 없는 배터리로 움직이는 전기차 시대가 대두했습니다.상황이 이렇다 보니 가격이 1억 원이 넘는 테슬라의 ‘모델 S’는 자동차세가 13만 원인데 반해2,600만 원대 준중형 아반떼1.6 자동차세는 29만820원으로 두 배 넘게 차이 납니다.지방세법에 ‘그 밖의 자동차’로 전기차가 분류되면서 자동차세가 일률적으로 13만 원 정도로 부과되다 보니 새로운 부과 기준이 필요하다는 목소리가 커졌습니다.'배기량 중심의 자동차 재산기준 개편'을 주제로 한 대통령실 제4차 국민참여토론에서 총 투표수 1,693표 중 1,454표(86%)가 개편에 찬성하기도 했습니다.



기술과 환경, 시대 변화에 따라 공평한 세금 부과 필요성 등을 감안해 개편이 필요하다는 의견이 74%로 가장 많았습니다.그 방법으로는 '차량가액 기준'이 가장 많이 제시됐습니다. 운행거리·온실가스 배출량·중량 등 기준들도 있었습니다.자동차세 부과 기준을 손질해야 할 정부는 앞으로 따져볼 점이 많을 것으로 보입니다.차량 가격에 따라 자동차세를 매기는 방법은 증세로 이어질 우려가 있습니다.전기차 자동차세만 큰 폭으로 오르면 친환경차 보급 확대 정책과 엇박자를 낼 우려도 있습니다.정부도 여러 사정을 감안해 차량 가격을 포함해 온실가스 배출량이나 중량 등 세금 부과 기준을 여러 개 두는 방안도 검토하는 것으로 알려졌습니다.
]",JIBS,https://imgnews.pstatic.net/image/661/2023/09/15/0000031333_001_20230915085201706.jpg?type=w800
2023-09-14 11:06:26,"""테슬라·아이폰 쏜다""…대신증권, 주식 거래고객에 경품",https://n.news.naver.com/mnews/article/003/0012089289?sid=101,"[
1000만원 이상 주식 거래 대상



[서울=뉴시스] 박은비 기자 = 대신증권은 국내외 주식 거래고객을 대상으로 1000만원 이상 거래하면 추첨을 통해 테슬라 등 경품을 제공하는 주식 거래 이벤트를 진행한다고 14일 밝혔다.행사는 12월1일까지다. 이 기간 동안 주간, 월간, 누적 기준 총 2503명을 추첨해 경품을 준다. 1000만원 이상 거래할 때마다 주어지는 추첨권이 많을수록 당첨 확률이 높아지는 방식이다.주간 거래 경품은 다이슨 헤어드라이어, 갤럭시 버즈, 맥도날드 기프티콘, 간편식 기프티콘이고, 월간 거래 경품은 아이폰15, LG 그램 16인치 등이다. 테슬라 모델Y는 전체 기간 동안 1명에게 지급한다.
]",뉴시스,https://imgnews.pstatic.net/image/003/2023/09/14/NISI20230914_0001364629_web_20230914102613_20230914110626263.jpg?type=w800
2023-09-15 09:26:01,[테슬라 뒤쫓는 수입차]⑨ 11월 EX30 국내 사전계약...전기차 대중화 나선 볼보,https://n.news.naver.com/mnews/article/293/0000047623?sid=101,"[




볼보자동차코리아가 올 11월 국내 공개할 예정인 소형 전기 SUV EX30 (사진=볼보자동차)볼보자동차코리아가 11월부터 국내 시장에 EX30을 공개하고 사전계약을 시작한다. 유럽 기준 차량 시작가가 3만6000유로(약 5098만원)으로 국내 완성차, 테슬라 등과 치열한 경쟁이 예상된다.이만식 볼보자동차코리아 세일즈 총괄 전무는 이달 12일 강원도 고성 르네블루 바이 워커힐에서 열린 '브랜드 익스피리언스 데이' 인사말에서 ""볼보자동차가 내놓는 가장 작은 차인 전기차 EX30을 11월 우리나라에 공개할 예정""이라며 ""이 시기에 사전계약도 진행한다""라고 말했다. EX30은 지난 6월 이탈리아 밀란에서 전 세계 최초로 공개된 소형 전기 SUV다. 후륜 모터 기반의 LFP(리튬인산철) 배터리 모델과 NCM(니켈, 코발트, 망간) 배터리, 트윈 모터 사양 등을 선택할 수 있다. 유럽 WLTP 기준 주행거리는 후륜 LFP 배터리 344km, 후륜 NCM 배터리 480km다.EX30 실내에는 테슬라 모델 3와 모델 Y처럼 운전석 쪽 디지털 클러스터가 없고, 12.3인치 크기의 세로형 센터페시아 디스플레이가 탑재됐다. 브랜드 최초로 3D 인터페이스 화면을 조작하는 것만으로 주차를 할 수 있는 차세대 파크 파일럿 어시스트 기능이 탑재됐다.볼보자동차코리아는 당초 연내 프리미엄 전기 SUV인 EX90을 국내 시장에 공개하기로 했지만 EX90의 글로벌 출시 시점이 연기되자 이 계획을 제대로 진행시킬 수 없게 됐다. 이 때문에 크기가 제일 작은 EX30을 EX90보다 먼저 공개하는 방향으로 전략을 수정했다. 



이만식 볼보자동차코리아 세일즈 총괄 전무가 올 11월 국내 시장에 소형 전기 SUV EX30을 공개하고 사전계약을 공개 당일에 진행하겠다고 12일 밝혔다. (사진=조재환 기자)



볼보차 EX30 실내는 별도의 디지털 클러스터가 장착되지 않았다. (사진=볼보차)볼보자동차코리아는 사전에 티맵모빌리티와 SK텔레콤 등과 힘을 합쳐 차량 내부에 있는 T맵 오토 기능을 강화시켰다. 이 중 가장 큰 특징은 전기차 충전소 검색 기능이다. 볼보 전기차 내부에 있는 T맵에 전기차 충전소를 검색하면 사진뿐만 아니라 충전기의 실시간 사용 현황과 요금까지 확인할 수 있다.또 차량 내부에서 전기차 충전 요금을 결제할 수 있는 '인카페이먼트'도 연말에 추가한다는 계획이다. 현재 이 기능은 국내 판매중인 C40 리차지에 적용됐는데 조만간 EX30 국내 판매 모델로 확대할 예정이다.



볼보자동차코리아는 티맵모빌리티 등과 협력해 차량 내비게이션의 전기차 충전소 검색 기능에 충전소 실제 모습을 사진으로 보여주는 시스템을 최근에 추가했다. (사진=조재환 기자)볼보자동차코리아는 지난해 2월부터 전기차 시장 확대를 위한 최선의 전략으로 쿠페형 SUV 전기차 'C40 리차지'를 내세웠다. 카이즈유 데이터연구소에 따르면 C40 리차지의 지난해 연간 판매대수는 800대로 테슬라와 국산 전기차등과 비교했을 때 괄목할만한 판매 기록을 세우지 못했다.볼보자동차코리아는 전기차 입지 강화를 위해 올해부터 C40 리차지의 국내 인증 주행거리를 높였다. 기존 2023년형 차량의 국내 인증 주행거리가 356km에 불과했다면, 지난달 7일 출시된 2024년형 C40 리차지의 국내 인증 주행거리는 407km다. 모터의 효율성을 강화시켜 주행거리를 크게 늘렸다는 설명이다.C40 리차지의 국내 판매가격은 보조금 제외 6865만원으로 50% 국고 보조금 혜택이 가능한 가격대다. 아직 출시 전인 EX30의 국내 차량 가격은 아직 알 수 없지만 볼보에서 가장 작은 자동차인만큼 C40 리차지 가격보다 더 저렴하게 책정될 가능성이 높다.
		]",블로터,https://imgnews.pstatic.net/image/293/2023/09/15/0000047623_001_20230915092601317.jpg?type=w800
2023-09-13 16:54:12,"테슬라 타면 자동차세 더 낸다…대통령실 ""차값으로 부과""",https://n.news.naver.com/mnews/article/015/0004891488?sid=100,"[
국민참여토론에서""배기량 기준 개선 필요""의견이 86%



용산 대통령실 전경. 연합뉴스대통령실이 배기량을 기준으로 한 자동차 재산 가치 산정 방식을 차량가격 등으로 바꿀 것을 관계부처에 권고하기로 했다. 배기량이 없는 고가의 전기차보다 저가인 내연기관 차량 소유자가 더 많은 세금을 내는 것은 불합리하다는 국민 의견을 반영한 것이다. 대통령실은 13일 “자동차세 부과 시 적용되는 배기량 기준은 차량가액 등 다른 기준으로 대체하거나 추가·보완할 것을 권고했다”고 발표했다. 앞서 대통령실은 홈페이지에 마련된 ‘국민 제안’ 코너를 통해 지난달 1일부터 21일까지 ‘배기량 중심의 자동차 재산기준 개선’을 주제로 4차 국민참여토론을 진행했다.토론에서는 총 투표수 1693표 중 86%인 1454표가 배기량 기준 개선에 찬성했다. 자유토론에서는 배기량의 대안으로 차량가액 기준을 꼽는 의견이 가장 많았다. 



대통령실이 실시한 자동차세 배기량 기준 개선 관련 국민참여토론 결과배기량 중심의 자동차세 부과체계를 차량가액 기준으로 개편하면 고가인 전기차 소유자의 세 부담은 그만큼 커질 전망이다.현재 자동차세는 배기량에 따라 영업용은 ㏄당 18~24원, 비영업용은 80~200원을 부과하고 있다. 배기량이 없는 전기차나 수소차는 ‘그 밖의 승용차’로 분류해 10만원 정액을 부과한다.이에 따라 판매가격이 1억3000만원에 이르는 테슬라 모델S 전기차 소유자는 매년 지방교육세를 포함해 13만원의 자동차세를 낸다. 반면 배기량 3500cc의 제네시스(판매가 6000만원) 소유자는 연간 세 부담액이 90만원에 이른다. 대통령실은 기초생활보장, 장애인 복지, 한부모 가족 등 복지제도 수급자격 산정 시 적용되는 자동차 배기량 상한도 폐지 또는 완화하는 방안을 추진키로 했다. 
]",한국경제,https://imgnews.pstatic.net/image/015/2023/09/13/0004891488_001_20230913165712070.jpg?type=w800
2023-09-15 07:01:04,"뉴욕증시, ARM 상장 성공에 일제 상승…테슬라 1.75%↑ [출근전 꼭 글로벌브리핑]",https://n.news.naver.com/mnews/article/215/0001125252?sid=101,"[




[글로벌시장 지표 / 9월 15일 오전 6시 현재]



[미국증시 마감시황]뉴욕증시는 14일(현지시간) 상승했다. 뉴욕증권거래소(NYSE)에서 다우지수는 전 거래일 대비 331.58포인트(0.96%) 오른 3만4907.11에 마감했다. S&amp;P500지수는 37.66포인트(0.84%) 상승한 4505.10에, 기술주 중심의 나스닥지수는 112.47포인트(0.81%) 뛴 1만3926.05에 거래를 마쳤다.이날 시장은 8월 생산자물가지수(PPI)와 영국 반도체 설계 기업 Arm(암)의 상장에 주목했다.미국의 8월 생산자물가지수(PPI)는 계절 조정 기준 전달보다 0.7% 상승했다. 이는 월스트리트저널(WSJ)이 집계한 이코노미스트 예상치인 0.4% 상승을 웃도는 수준으로 지난해 6월 기록한 0.9% 상승 이후 최고 상승률이다. 전월에는 0.4% 오른 바 있다. 도매 물가도 소비자물가에 이어 유가 상승에 영향을 받았다. 상품 물가가 전달보다 2.0% 올랐으며, 그중에서도 에너지 가격이 10.5% 급등하면서 PPI 상승을 견인했다.그러나 PPI가 예상치를 웃돌았다는 소식에도 증시는 영국 반도체 기업 Arm(암)의 상장을 주목하며 상승했다. 이날 영국 반도체 설계회사 Arm 홀딩스가 나스닥에 상장하며 첫 거래를 시작했다. Arm은 이번 기업공개(IPO)를 통해 50억 달러가량을 조달했으며 공모가 51달러 대비 첫날 거래에서 25%가량 급등했다. 시가총액은 단번에 650억 달러를 넘어섰다.투자자들은 올해 기술기업 IPO로는 최대 규모인 Arm의 상장이 기술 기업들에 대한 투자심리를 되살릴 수 있을지 주목해왔다. 코너스톤 투자자로 참여한 애플과 알파벳의 주가는 0.9%, 1%가량 올랐으나, AMD의 주가는 1% 하락하고, 엔비디아 주가는 0.2% 오르는 데 그쳤다.8월 미국의 소매판매도 에너지 가격 상승으로 계절 조정 기준 전월보다 0.6% 늘어난 6천976억달러로 집계됐다. 이날 수치는 시장의 예상치인 0.1% 증가를 크게 웃도는 것으로 미국의 소매판매는 다섯 달 연속 증가했다. 다만, 자동차와 휘발유를 제외한 8월 소매판매는 전월보다 0.2% 늘어 전월의 0.7% 증가보다 부진했다.주간 신규 실업보험 청구자수는 전주보다 3천명 증가한 22만명으로 집계돼 전문가들의 예상치인 22만5천명을 밑돌았다. 주간 실업 청구건수는 5주 만에 증가세로 돌아섰다.한편 이날 ECB는 연준의 FOMC를 앞두고 금리를 0.25%포인트 인상했다. ECB는 10회 연속 금리를 인상한 것으로 이번 인상으로 ECB의 예금금리는 4.0%로 유로화 출범 이후 최고치를 경신했다.그러나 ECB의 금리 결정 이후 유로화 가치는 급락하고 달러화는 강세를 보였다. 독일 국채금리도 하락했다. ECB가 이번 성명에서 ""주요 금리가 충분히 오랫동안 유지되면, 인플레이션을 목표치로 적시에 돌아오게 하는 데 상당히 기여할 수 있는 수준에 도달했다""라고 언급하면서 ECB의 이번 금리 인상이 마지막일 가능성을 시사했기 때문이다.크리스틴 라가르드 ECB 총재는 기자회견에서 우리가 ""정점에 도달했다고 말할 수는 없다""라고 언급했으나 시장에서는 이번 금리 인상이 마지막일 것으로 예상하고 있다. ECB의 금리 결정에 중앙은행들의 긴축이 막바지에 다다랐다는 인식이 강화되면서 연준의 11월 금리 인상 가능성이 약화하고 증시도 오름세를 보였다.다만 유가가 오름세를 보이는 점은 인플레이션 우려를 다시 강화할 것으로 예상된다. 서부텍사스산원유(WTI) 가격은 지난해 11월 이후 처음으로 배럴당 90달러를 돌파했다. 브렌트유 가격도 배럴당 93달러를 넘어섰다.뉴욕증시 전문가들은 인플레이션이 강화되면 결국 연준이 더 오랫동안 더 높은 금리를 유지해야 할 수 있다고 말했다. 모건스탠리 글로벌 투자 오피스의 마이크 로웬가르트는 CNBC에 ""지난주처럼 이번 경제 지표들도 계속 미국의 탄탄한 경제 상황을 보여주고 있다""라며 ""예상보다 강한 PPI 지표가 보여주듯, 이러한 지표는 끈질긴 인플레이션으로 이어질 수 있다""고 말했다.그는 ""연준이 다음 주에 금리를 동결할 것으로 예상하지만 경제가 계속 위쪽으로 깜짝 강세를 보여준다면 올해 두 번의 회의 이후 연준이 무엇을 할지에 대한 모든 베팅이 약화할 수 있다""고 말했다. 그는 ""또 한 번의 금리 인상은 확실히 테이블 위에 있지만, 금리 인하는 눈앞에 보이지 않을 것""이라고 말했다.인디펜던트 어드바이저 얼라이언스의 크리스 자카렐리 최고투자책임자도 마켓워치에 ""인플레이션이 높아지고 소비가 탄탄하면 연준이 어려운 위치에 서게 된다""고 말했다.[특징주]■기술주기술주가 상승했다. 애플 0.88%, 마이크로소프트 0.79%, 엔비디아 0.21%, 메타 2.18%, 알파벳 1.02% 상승 마감했다. 넷플릭스는 2.85% 급락했다.■전기차주테슬라가 1.75% 상승한 276.04달러에 마감했다. 리비안과 루시드도 3.7%, 2.39% 상승했으며 니콜라는 수소 전지 트럭이 최종 테스트를 완료하고 곧 출시될 것이라고 밝혀 32.24% 폭등했다.■HPHP는 버크셔해서웨이가 550만주를 매각했다고 공시하면서 1.8% 하락했다.■AMC엔터테인먼트AMC엔터테인먼트는 전날 늦게 4천주가량을 매각해 3억2천550만달러를 모집했다고 밝혀 1.21% 하락했다.■월트디즈니월트디즈니는 방송국 ABC를 지역 방송국인 넥스타미디어 그룹에 매각하는 방안을 논의하고 있다는 소식에 1.2% 올랐다. 넥스타미디어의 주가는 5% 이상 올랐다.[유럽증시 마감시황]유럽 주요국 증시는 14일(현지시간) 상승했다.범유럽 지수인 STOXX600 지수는 전장 대비 6.92포인트(1.52%) 상승한 460.86에 장을 마감했다. 독일 프랑크푸르트 증시의 DAX지수는 151.26포인트(0.97%) 상승한 1만5805.29에, 프랑스 파리 증시의 CAC40지수는 86.1포인트(1.19%) 전진한 7308.67로 장을 마쳤다. 영국 런던 증시의 FTSE100지수는 147.09포인트(1.95%) 오른 7673.08에 장을 마감했다.[중국증시 마감시황]중국증시는 14일(현지시간) 혼조 마감했다. 이날 상하이종합지수는 0.11% 상승한 3126.55로 장을 마쳤고, 선전성분지수와 창업판지수는 각각 0.57%, 0.78% 하락한 10197.59, 2011.88로 거래를 마쳤다.금일 중국증시는 EU의 전기차 반보조금 조사로 인해 중국과 EU 사이 무역 갈등에 대한 우려가 커지며 하락에 영향을 미쳤다. 반면 증시 내에서는 저가매수세 유입이 확대돼 상승 마감할 수 있었다.종목별 등락 상황을 보면 반도체, 컴퓨터, 자동차 등 종목이 하락했고, 에너지, 귀금속, 은행, 증권, 전력, 통신 등은 상승했다.한편 외국인 자금은 총 64억 위안 순매도에 나섰다.[국제유가]국제유가는 배럴당 90달러를 돌파했다. 앞서 브렌트유 가격이 90달러를 돌파했으나 WTI가격이 90달러를 돌파한 건 지난해 11월 이후 10개월 만이다. 올해 4분기 공급 부족을 경고한 국제에너지기구(IEA) 보고서에 공급 차질 우려가 다시 커졌다.이날 뉴욕상업거래소에서 10월 인도분 서부텍사스산원유(WTI) 가격은 90.16달러로 전날 종가 대비 1.9% 올랐다. 지난해 11월 이후 최고치다. 런던ICE선물거래소에서 11월 인도분 브렌트유 선물도 배럴당 93.70달러에 마감하며 올해 최고치를 갈아치웠다.[금]안전 자산인 금 가격은 달러화 강세 영향에 3주래 저점 수준에 머물렀다. 뉴욕상품거래소에서 금 현물 가격은 온스당 0.1% 오른 1909.05달러를 가리켰으며, 금 선물 가격은 1932.80달러로 보합 수준에 장을 마쳤다.



* 더 많은 글로벌투자 뉴스는 [한경 KVINA] 홈페이지에서 볼 수 있습니다.



▶연재 몰아보기https://www.wowtv.co.kr/Opinion/SerialColumn/List?subMenu=opinion&amp;Class=G&amp;PlanID=894&amp;menuSeq=79064
]",한국경제TV,https://imgnews.pstatic.net/image/215/2023/09/15/A202309150026_1_20230915070206229.jpg?type=w800
2023-09-14 16:48:40,"1억 테슬라 13만원, 2000만원 아반떼 29만원…자동차세 칼 댄다",https://n.news.naver.com/mnews/article/025/0003307867?sid=101,"[
  



찻값이 최대 1억4000여만원에 달하는 테슬라 모델X. 자동차세는 13만원이다. 테슬라코리아.           자동차는 배기량(cc)에 따라 세금을 매긴다. 그렇다 보니 값비싼 전기차나 수입차가 국산 차보다 자동차세를 훨씬 적게 내기도 한다. 정부가 국민 여론을 등에 업고 이런 문제를 가진 자동차세 개편을 추진하기로 했다. 50여년 만에 ‘대수술’인 만큼 따져볼 지점이 많다.      대통령실은 13일 배기량을 기준으로 자동차세를 매기도록 규정한 지방세법에 대해 부과 기준을 차값 등으로 바꾸는 식으로 개선 방안을 마련할 것을 행정안전부·보건복지부 등 관련 부처에 권고했다. 대통령실이 공개한 ‘배기량 중심의 자동차 재산 기준 개선’ 국민참여토론 결과에 따르면 총투표수(1693표) 중 86%(1454표)가 자동차세 개선에 찬성했다. 앞서 국민토론에서 진행한 ‘KBS TV 수신료 징수방식 개선’, ‘집회·시위 요건 및 제재 강화’ 등 안건이 모두 찬성 여론을 근거로 정부 정책에 반영된 만큼 자동차세 개편도 시간문제다.      자동차세는 1968년 도입했다. 1991년부터 전체 차량에 대해 배기량을 기준으로 자동차세를 매기기 시작했다. 환경 오염 물질을 많이 배출할수록 세금을 많이 부과하는 취지에서다. 2010년부터 전기·수소차 등 친환경차로 과세 기준을 세분화했다. 현재 자동차세는 배기량에 따라 영업용은 cc당 18~24원, 비영업용은 80~200원을 부과한다. 전기차는 ‘그 밖의 승용차’로 분류해 정액 13만원(교육세 포함)을 매긴다.      자동차세를 처음 설계할 땐 배기량에 비례해 찻값이 높은 경우가 많았다. 하지만 기술 발전으로 배기량이 적어도 성능이 좋은 차가 늘었다. 배기량을 기초생활급여 등 수급 기준으로 쓰는데 차가 낡아도 배기량이 1600cc를 넘을 경우 수급 자격을 박탈하는 등 현실과 맞지 않는 부분도 있다.      최근 자동차세 논란이 불붙은 건 전기차가 확산하면서다. ‘찻값은 비싼데 세금은 싼’ 모순이 부쩍 늘었다. 예를 들어 준대형 전기차인 테슬라 모델S(1억1525만~1억2554만원)의 자동차세가 13만원인데, 동급인 제네시스 G80 3.5(6211만원)는 90만2200원인 식이다. 체급에 차이가 나는 경우도 마찬가지다. 준대형 스포츠유틸리티차량(SUV)인 테슬라 모델X(1억2875만~1억4135만원)도 역시 전기차인 만큼 자동차세가 13만원이다. 반면 준중형차인 아반떼 1.6(1975만~2691만원)의 자동차세는 29만820원으로 두배 이상이다.     



박경민 기자           ‘세수(국세 수입) 부족’도 정부가 자동차세 개편에 나선 원인으로 꼽힌다. 한국지방세연구원 보고서에 따르면 2020년 비영업용 승용차에 대한 자동차세는 4조3866억원이다. 전기차 보급률을 고려하면 2050년 세수는 3조258억원으로 줄어든다. 자동차 업계는 신차를 출시하며 차량 가격을 내리는 경우가 없다. 찻값에 따라 자동차세를 매기는 식의 개편이 곧 증세로 이어질 수 있다는 얘기다. 게다가 전기차 세금만 큰 폭으로 오를 경우 친환경차 확대 정책과 충돌한다.미국은 차량 가격을 기준으로 자동차세를 매긴다. 대형차가 많아 배기량 기준으로 자동차세를 매길 경우 일본·유럽 차 대비 불리해서다. 환경을 중시하는 독일은 이산화탄소 배출량을 기준으로 과세한다. ‘경차 대국’ 일본은 배기량을 기준으로 과세하되 경차에 인센티브를 많이 준다.      정지선 서울시립대 세무전문대학원 교수는 “자동차는 환경 오염과 도로 유지·보수비를 유발하기 때문에 오직 가격 만을 기준으로 과세하는 건 타당하지 않다”며 “자동찻값과 연비, 온실가스 배출량 등 환경 오염 영향을 함께 반영하도록 자동차세를 설계해야 한다”고 말했다. 김필헌 한국지방세연구원 지방세연구실장은 “찻값과 이산화탄소 배출량을 조합해 과세 기준으로 삼되, 이산화탄소를 배출하지 않는 전기차는 '중량'을 기준으로 과세하면 현행 체계의 단점을 보완할 수 있다”고 설명했다.  
]",중앙일보,https://imgnews.pstatic.net/image/025/2023/09/14/0003307867_001_20230914230805596.jpg?type=w800
2023-09-14 19:59:01,"""테슬라는 고가도로 아래로 가라""…중국, 애플·테슬라 차별",https://n.news.naver.com/mnews/article/057/0001768611?sid=104,"[
			【 앵커멘트 】  미국과 기술 패권 경쟁을 벌이는 중국에서 애플과 테슬라에 대한 차별이 자행되고 있습니다.  한 테슬라 운전자는 경찰로부터 고가도로를 이용하지 말고 아래로 가라는 말까지 들었다고 합니다.  베이징 윤석정 특파원이 보도합니다.【 기자 】  중국 항저우의 한 고가도로 앞에서 차량 운전자와 경찰이 승강이를 벌입니다.  경찰이 테슬라의 고가도로 진입을 막았기 때문입니다.▶ 인터뷰 : 테슬라 운전자- ""(고가도로 아래로 가세요. 통행을 금지합니다.) 왜 다른 사람들은 다 가는데 저만 못 갑니까? (테슬라이기 때문입니다.) 뭐요? (테슬라여서요.) 웃기시네요? (좀 웃기지만 지시를 따라주세요.)  후난성의 한 공항은 아예 테슬라 출입을 금지하기도 했습니다.  테슬라 차량에 달린 카메라가 기밀 시설을 녹화한다는 이유에서입니다.▶ 인터뷰 : 테슬라 운전자- ""공항 관계자는 테슬라의 '센트리 모드'가 기밀 시설을 녹화해 유출할 수 있기 때문에 진입을 금지했다고 설명했습니다.""  여기에 중국 정부가 공공부문 종사자들에게 아이폰 금지령을 내렸다는 말도 들립니다.  중국 정부는 이를 즉각 부인했습니다.▶ 인터뷰 : 마오닝 / 중국 외교부 대변인- ""중국 정부는 애플과 같은 외국 브랜드 휴대전화의 구매나 사용을 금지하는 법률이나 규정 또는 정책 문서를 낸 적이 없습니다.""  그럼에도, 중국이 미국의 기술 수출 통제에 맞서 미국 대표 기업이자 중국 시장 의존도가 높은 애플과 테슬라 압박에 나선 것 아니냐는 관측이 나옵니다.▶ 스탠딩 : 윤석정 / 특파원 (베이징)- ""이런 분위기 속에서 다음 주부터 중국에서 판매가 시작되는 아이폰15가 이전처럼 높은 인기를 끌지, 아니면 과거보다 주목도가 떨어질지도 관심입니다. 베이징에서 MBN뉴스 윤석정입니다.""
]",MBN,https://imgnews.pstatic.net/image/057/2023/09/14/20230914203213_20_552_1338360_1080_7_20230914203701149.jpg?type=w800
2023-09-14 08:27:50,"EU, 中 전기차 정부 보조금 조사…테슬라가 수혜주",https://n.news.naver.com/mnews/article/008/0004938173?sid=101,"[




테슬라 충전소 /로이터=뉴스1유럽연합(EU)이 중국 전기차업체들의 정부 보조금을 조사하겠다고 밝힘에 따라 테슬라의 간접적인 수혜가 예상된다.우르줄라 폰 데어 라이엔 EU 사무총장은 13일(현지시간) ""현재 전세계 시장에는 값싼 중국 전기차가 넘쳐나고 있다""며 ""막대한 중국 정부의 보조금이 중국 전기차 가격을 인위적으로 낮게 유지해 유럽 시장을 왜곡하고 있다""고 밝혔다.이어 ""우리는 내부의 시장 왜곡을 받아들이지 않는 것처럼 외부의 시장 왜곡도 받아들이지 않는다""며 ""이에 따라 EU 집행위원회는 중국 전기차에 대한 반 보조금 조사를 시작한다""고 말했다. 이번 조치는 폭스바겐과 메르세데스-벤츠, 스텔란티스 등 유럽 자동차회사들을 지원하기 위한 조치로 보인다. '유럽 전기차 보고서'의 발행인인 매티어스 슈미트에 따르면 유럽에서 가장 빠르게 성장하고 있는 전기차회사는 BYD이다. 올해 1월부터 7월까지 유럽에 등록된 BYD 전기차는 전년 동기 대비 323% 폭증했다. 슈미트의 조사 결과는 유럽 전기차 시장의 약 95%를 대상으로 한다.또 올 1월부터 7월까지 유럽에 등록된 중국 전기차 등록대수는 130% 급증했지만 유럽 브랜드의 전기차 등록대수는 36% 늘어나는데 그쳤다. 같은 기간 유럽에 등록된 미국의 전기차 브랜드는 중국에 조금 못 미치는 108% 증가했지만 이번 EU 집행위원회의 전기차 보조금 조사에서 빠진다.이에 따라 투자 전문 매체인 배런스는 유럽의 중국 전기차 조사로 테슬라의 간접적인 수혜가 예상된다고 보도했다.슈미트에 따르면 테슬라의 유럽 시장 점유율은 지난 7월 말 기준 거의 19%에 달한다. 이는 1년 전 12%에 비해 확대된 것이다. 이 같은 시장 점유율 확대는 유럽에서 테슬라 전기차 판매량이 1년 사이에 129% 급증했기 때문이다. 슈미트에 따르면 테슬라의 모델 Y는 유럽에서 가장 많이 팔리는 전기차로 지난 7월 말 기준으로 시장 점유율이 14%애 이른다. 이는 폭스바겐 ID.4의 점유율 5%를 압도하는 것이다.한편, 테슬라는 이날 주가가 1.43% 오른 271.30달러로 마감했다. 
]",머니투데이,https://imgnews.pstatic.net/image/008/2023/09/14/0004938173_001_20230914082812112.jpg?type=w800
2023-09-14 08:46:28,"""테슬라 주가, 2030년까지 4~5배 뛴다""",https://n.news.naver.com/mnews/article/215/0001125027?sid=101,"[




사진: 론 배런 CEO미국의 억만장자 투자자이자 배런 캐피털의 최고경영자(CEO) 론 배런이 테슬라에 대한 장밋빛 전망을 제시했다.13일(현지시간) CNBC에 따르면 배런 CEO는 ""테슬라의 전기차 사업 매출이 올해와 내년에도 성장세를 이어갈 것""이라며 ""테슬라의 주가가 2030년까지 4~5배는 더 오를 것""이라고 밝혔다.이날 론 배런은 CNBC와의 인터뷰에서 테슬라 강세론을 재차 강조하고 나섰다. 그는 ""테슬라의 배터리 사업이 2026년까지 약 3배 이상 성장할 것""이라며 ""전기차 매출 역시 올해와 내년에 30% 더 늘어날 것""이라고 설명했다.또한 지난 2014년 테슬라를 처음 매수한 이후 보유 가치가 약 20배 이상 늘어난 점을 강조하며 ""포트폴리오에 자리만 있다면 테슬라 주식을 더 매수하고 싶다""고 말했다.이날 테슬라의 주가는 전장 대비 1.43% 상승한 271달러에 거래를 마쳤다. 배런의 전망대로라면 테슬라의 주가는 약 7년 뒤 1,350달러를 돌파하게 된다.한편 배런 CEO는 일론 머스크가 이끄는 스페이스X에 대한 긍정적인 평가도 내놨다. 그는 약 1,500억 달러의 기업 가치를 지닌 스페이스X가 향후 5,000억~6,000억 달러까지 성장할 것으로 내다봤다.배런은 ""스페이스X 로켓은 올라가고, 내려가고, 착륙까지 가능하기 때문에 경쟁 상대를 찾기 힘들 정도""라며 ""스페이스X의 로켓과 기술력이 화물 배송 생태계를 바꿀 것""이라고 밝혔다.또한 배런 캐피털이 약 10억 달러에 달하는 스페이스X 주식 1,750만 주를 보유 중이라고 덧붙였다.월가 거물로 꼽히는 론 배런은 그동안 테슬라 강세론을 수차례 강조한 바 있다. 지난 6월에는 테슬라의 주가가 2025년까지 500달러를 돌파하게 될 것이라며 테슬라가 장기 투자자들에게 상당히 매력적인 기업이라고 설명했다.(사진=CNBC)
]",한국경제TV,https://imgnews.pstatic.net/image/215/2023/09/14/A202309140046_1_20230914084702514.jpg?type=w800
2023-09-15 07:56:01,[김대호 박사의 오늘 기업·사람] 비야디·테슬라·농심·오뚜기·삼양·인텔·애플,https://n.news.naver.com/mnews/article/374/0000351287?sid=101,"[
■ 모닝벨 '오늘 기업 오늘 사람' - 김대호 글로벌이코노믹연구소장·경제학 박사·세한대 특임교수◇ 전기차 관세폭탄 '비야디·테슬라'유럽연합이 값싼 중국산 전기차를 겨냥해 칼을 빼 들었습니다. 중국 전기차업체들의 정부 보조금을 조사하겠다고 밝혔는데요.  이번 조사가 전기차 업계에 미칠 영향, 오늘(15일) 첫 소식으로 살펴보겠습니다.  박사님, EU가 중국 정부가 자국 기업에 주는 국가 보조금을 '불공정 관행'으로 규정했습니다. 앞서 중국산 태양광 패널처럼 전기차에 대해서도 반덤핑 관세를 부과할 수 있다, 포석으로 봐야될까요?- 칼 빼든 EU, 중국산 전기차 부당 보조금 조사 착수- EU 집행위원장 ""저렴한 중국산 전기차 넘쳐나고 있다""- 中 보조금 제도가 시장 왜곡…불공정 경쟁에 대처- 뿔난 中 ""EU 보조금 조사, 보호주의에 불과해"" 지적- EU, 9개월 이상 조사…'고율관세 카드' 꺼낼 수도- 中 전기차 관세 부과 시 美처럼 27.5% 수준 될 것- 중국서 생산하는 테슬라 등 비중국 업체에도 불똥- 관세 부과할지는 미지수…강행할 경우 유럽도 치명타- 원자재·부품 中 의존도 높고 독일의 주요 시장 中- EU 역내 중국산 전기차 점유율 2025년 15% 예상- 외신 ""프랑스의 승리"" 분석…보호 조처 지속 요구- EU, 中 전기차 정부 보조금 조사…테슬라가 수혜주- 유럽서 테슬라 전기차 판매량 1년 사이 129% 급증- 테슬라 모델Y 유럽서 많이 팔려…점유율 14% 육박- EU 전기차 조사에 발끈한 中, 무역 전쟁 촉발되나- 中 ""'공평 경쟁' 명목으로 삼아 노골적 보호주의""- ""中 전기차 수출은 보조금 효과 아닌 산업 경쟁력""- 2013년 中 태양광 과세 부과하자 와인·車 부품 조사- 지난 5년간 EU의 중국 자동차 수입량 4배가량 증가- 폭스바겐 등 유럽 자동차 제조사들 중국에 뒤처져- 보복 카드 만지는 中…""EU 조사는 위험한 행동""- EU 다음 타깃은 中 배터리…한국 기업에 새 기회?- 中 전기차 추가 관세 가능성, 배터리도 타격 불가피- LG·삼성 유럽 조기 진출…유럽 역내서 배터리 생산- SK온, 헝가리서 배터리 생산…내년 생산능력 3배로- 지난 3월 '유럽판 IRA'로 불리는 CRMA 초안 공개- 2030년까지 핵심 원자재 제3국 의존도 65% 미만- 中 명시한 조항은 없으나 사실상 배제하기 위한 법안◇ 라면·우윳값 꼼수 '농심·오뚜기·삼양'다음은 밥상 물가 얘기도 해보죠. 올들어 정부 압박에 식품업체들이 가격 인상을 억제하거나 심지어 일부 품목에 대해 가격을 내린단 소식에 그나마 안도했던 분들 있으실 텐데요. 알고보니 그게 아니었습니다. 요즘 식품업체들이 가격을 올리는 창의적인 방법, 두 번째 소식으로 살펴보겠습니다. 박사님, 우선 소비량 많은 흰우유부터 볼까요. 다음 달부터 또 가격을 올리긴 올리는데, 최소한만 올린다고 하지 않았습니까. 그게 아닌가요?- 정부 눈치 보던 식품사 우유·라면값 '꼼수 인상'- 기존 제품 보완한 '신제품' 출시하면서 가격 올려- 10월부터 편의점 서울우유 가격 인상…4.9~11.7%↑- 서울우유 1ℓ 우유 인상 최소화…비요뜨는 27% 상승 - 비판 커지자…서울우유, 비요뜨 등 인상 폭 재논의키로- 가격 내렸던 라면 업계, 신제품 가격 50% '껑충'- 한정판 '신라면 더 레드' 기존 가격보다 58% 뛰어- 오뚜기 '마열라면' 가격도 기존보다 18% 올라- 정부 무리한 가격 통제, 비정상적으로 가격 올려- 라면업계 2분기 실적 날았다…'K-라면' 인기 덕분- 농심, 2분기 영업익 537억 원…전년비 1162% 증가- 농심 호실적, 고물가에 서민 음식 라면 수요 증가- 전체 영업익 50% 이상 해외서 올려…美 성장 주도- 오뚜기, 2분기 영업익 35.3% 오른 645억 원 달성- 라면·소스류·간편식 등 판매 증가 덕에 호실적- 삼양식품, 2분기 영업익 61% 늘어난 440억 원- 삼양식품 해외 매출 호조세…'불닭 브랜드' 덕분- 7월 중순 기준 '불닭 브랜드' 누적 판매량 50억개- 3분기 실적은 '글쎄'…라면 가격 인하, 반영될 것- 공정위, 오뚜기 현장조사…""조사 성실히 임할 것""- 내부거래 모니터링 중 다수 집단 부당 지원 혐의 포착- 삼양식품 '오너 3세' 전병우 공식 석상에 첫 등장- 삼양라운드스퀘어, 60주년 기념 비전 선포식 개최- 김정수 부회장·'오너 3세' 전병우, 母子 총출동- 김정수 부회장의 장남 전병우, 美 컬럼비아대 졸업- 삼양식품 해외전략부장 입사, 경영전략부문 등 거쳐- 전병우 대표, 1994년생으로 식품업계 최연소 임원- 신성장동력 발굴 '삼양애니' 설립 주도한 전병우- 삼양식품, 전병우의 '삼양라운드스퀘어'로 세대교체- 비전선포식서 공식 데뷔…그룹 경영전략 로드맵 발표- '불닭'이 했듯이…""음식 중심 콘텐츠 놀이터 만들 것""- 향후 신사업 이끌며 경영 능력 입증 및 행보 본격화◇ 뉴욕증시 과열 경고 '인텔·애플'마지막으로 뉴욕 증시까지 살펴봅니다. 미국 증시가 과열됐다는 우려가 커지는 가운데, 주가가 지나치게 고평가된 종목에 대해서도 경고등이 나왔습니다. 대표적으로 미국 반도체 기업 인텔의 현재 주가는 이미 목표주가 평균을 웃돌고 있는데요. 박사님, 미국 CNBC가 요즘 월가에서 비싼 주식으로 꼽히는 10개를 추렸다고요?- S&amp;P500 지수, 연초대비 16% 올라…증시 과열 우려- ""인텔 너무 올랐다""…고평가된 美 증시 10개 종목- CNBC, 시게이트·IBM·인텔 등 고평가된 주식 선정- 고평가주, 투자의견 '매수' 비중 50%도 안 넘어- CS ""美 주식 비중 낮춰라…기술주 비중 과도""- 쉴러 P/E 지수 기준, ""미국 주식 수익 최상위에 있다""- 쉴러 P/E 지수, S&amp;P500 저평가나 과대평가 나타내- 로버트 쉴러 교수가 고안, 10년간 평균 이익 사용- ""시장 과대평가, 기술주 M7 급격한 상승에 기인""- 뉴욕증시 이끈 'M7'…애플·MS 등 기술 성장주들- M7=마그니피센트 세븐으로 '황홀한 7개 주식' 의미- 애플·알파벳·MS·아마존·메타·테슬라·엔비디아- 中, 아이폰 금지 조치 '부인'…애플 주가는 '위태'- 애플, 아이폰15 가격 동결에도 '中 리스크'에 흔들- 중국내 판매 감소 우려 확대…""혁신이 죽었다"" 불만- 한때 3조 달러 넘었던 애플…MS, 시총 1위 자리 위협- 수요 감소에 중국 내 아이폰 금지 움직임 등 악재(자세한 내용은 동영상을 시청하시기 바랍니다.)당신의 제보가 뉴스로 만들어집니다.SBS Biz는 여러분의 제보를 기다리고 있습니다.홈페이지 = https://url.kr/9pghjn
]",SBS Biz,https://imgnews.pstatic.net/image/374/2023/09/15/0000351287_001_20230915075601517.jpg?type=w800
2023-09-16 06:34:11,테슬라 0.60% 하락한 274.39달러에 마감,https://n.news.naver.com/mnews/article/421/0007053859?sid=104,"[




테슬라 일일 주가추이 - 야후 파이낸스 갈무리(서울=뉴스1) 박형기 기자 = 뉴욕증시에서 기술주 매도세가 대거 나옴에 따라 테슬라가 0.60% 하락했다.15일(현지시간) 뉴욕증시에서 테슬라는 전거래일보다 0.60% 하락한 274.39 달러를 기록했다. 이날 뉴욕증시에서 기술주 매도세가 대거 나옴에 따라 테슬라도 약세를 면치 못한 것으로 보인다. 국제유가 급등으로 인플레이션 우려가 다시 불거지며 연준의 추가 금리 인상 가능성이 높아지자 기술주 매도세가 출현했다. 테슬라는 오히려 선방한 편이다. 생성형 인공지능(AI) 최대 수혜주인 엔비이아와 제2의 엔비디아로 불리는 AMD가 4% 내외 급락하는 등 다른 기술주들은 급락세를 면치 못했다. 특히 대형기술주들이 일제히 하락했다.
		]",뉴스1,https://imgnews.pstatic.net/image/421/2023/09/16/0007053859_001_20230916063506347.jpg?type=w800
2023-09-14 21:46:52,아이폰 다음엔 테슬라 금지?…중국 곳곳서 ‘다툼’,https://n.news.naver.com/mnews/article/056/0011566482?sid=104,"[














 [앵커] 최근 중국 정부가 공무원들에게 아이폰을 사용하지 말라는 금지령을 내렸다는 외신 보도가 있었는데요.이번에는 중국의 공공기관 곳곳에서 테슬라 차량의 진입을 막고 있다고 합니다.왜 이런 일이 벌어지는지, 베이징 김효신 특파원이 취재했습니다. [리포트]  중국의 한 국영기업체입니다. 주차장 출입구에 큼지막한 간판이 붙어있습니다. 자세히 보니 '테슬라 출입 금지' 라고 적혀 있습니다.    [주차 직원 : ""(언제부터 이런 내용이 여기에 붙어  있었나요?) 저도 잘 모르겠어요.""]테슬라에는 이상 움직임 감지 시 자동 녹화 기능이 있어서, 공공 기관의 정보가 유출될 수 있다는 겁니다. 공공기관 주변에는 이렇게 진입하지  못한 테슬라 차량을 쉽게 찾아볼 수  있습니다.  최근에는 공공기관뿐 아니라  일반적인 장소에서도 테슬라 차량 진입을 막으면서  곳곳에서 다툼이  끊이지 않고 있습니다. 전기차 충전소에서는 경찰 3명이 테슬라 차주를 둘러싸고  충전을 못 하게 막으면서 차주가 항의하는 소동이 벌어졌습니다.    [테슬라 차주  : ""여기는 모든 국민이 사용할 수 있는 곳인데, 내가 왜 여기서 충전할 수 없는 것인지 말해보세요.""] 이달 초 항저우에서는 고위 인사 차량이 지나간다는 이유로 테슬라 차량의 고가도로 진입을  막기도 했습니다. 비판 여론이 거세지자 공안 당국은 그런 일이 없었다며 해명하기도 했습니다. 중국 SNS에는 베이징 소재 국영기업에서 테슬라와 아이폰 사용을 금지했다는  체험담이 속속 올라오고 있습니다. 중국 외교부는 외국 상품 구매를 금지한 적이 없다면서도 보안 문제를 지적했습니다.    [마오닝/중국 외교부 대변인 : ""최근 아이폰 보안 문제에 대한 많은 언론 보도를 알고 있습니다.  중국 정부는 사이버 및 정보보안을  매우 중요하게 생각합니다.""] 중국이 올 들어 보안 관련 법을 개정하면서 정부 기관과 국영 기업에 중국산 제품 사용을 촉구한 이후 최근 보안 단속 움직임이 더욱 강화된 것으로 보입니다. 베이징에서 KBS 뉴스 김효신입니다. 촬영기자:이창준/영상편집:이웅/그래픽:안재우/자료조사:조영은■ 제보하기▷ 전화 : 02-781-1234, 4444▷ 이메일 : kbs1234@kbs.co.kr▷ 카카오톡 : 'KBS제보' 검색, 채널 추가▷ 네이버, 유튜브에서 KBS뉴스를 구독해주세요!
]",KBS,https://imgnews.pstatic.net/image/056/2023/09/14/0011566482_001_20230914220340871.jpg?type=w800
2023-09-12 07:28:09,"모건스탠리 ""테슬라 400달러 간다""…주가 10% '폭등'",https://n.news.naver.com/mnews/article/015/0004890577?sid=101,"[
자율주행 SW 만드는 슈퍼컴퓨터 도입 호재이 기사는 국내 최대 해외 투자정보 플랫폼 한경 글로벌마켓에 게재된 기사입니다.



일론 머스크 테슬라 최고경영자(CEO)는 최근 초지능 인공지능(AI)의 구축을 목표로 AI 전문 기업 xAI 출범을 공식화했다. /사진=AP글로벌 투자은행(IB) 모건스탠리가 테슬라의 목표주가를 400달러로 상향 조정하면서 테슬라 주가가 10% 폭등했다. 테슬라가 개발한 슈퍼컴퓨터 '도조'가 기술 부문에서 성장동력이 될 것이란 분석에서다.11일(현지시간) 블룸버그통신 등에 따르면 모건스탠리는 이날 보고서에서 테슬라 목표주가를 기존 주당 250달러에서 400달러로 60% 상향 조정하고 투자 의견을 '동일 비중'에서 '비중 확대'로 수정했다. 이 보고서는 월가에 영향력이 큰 애덤 조너스 모건스탠리 애널리스트가 작성했다.테슬라 주가는 이날 10.09% 오른 273.58달러에 마감했다. 모건스탠리의 목표주가는 현재보다 46% 더 높다. 테슬라 주가는 이미 올해 들어 두배 이상 올랐다. 고평가 우려가 나오면서 7월18일 293달러를 찍고 하락하긴 했지만 여전히 시장의 기대가 긍정적이다.모건스탠리는 테슬라가 도입하고 있는 슈퍼컴퓨터 '도조'가 장기적으로 테슬라의 평가 가치를 최대 5000억달러(약 664조원) 높여줄 수 있다고 평가했다. 도조는 인공지능(AI) 기술 등을 활용해 테슬라 전기차의 주행 데이터를 토대로 자율주행 소프트웨어를 만드는 슈퍼컴퓨터다.일론 머스크는 테슬라 최고경영자(CEO)는 지난 7월 컨퍼런스 콜에서 테슬라가 2024년말까지 도조에 10억달러(약 1조3200억원) 이상을 투자할 계획이라고 밝히기도 했다. 테슬라는 내년 10월께 도조가 100엑사플롭스(1초에 1만경 번)의 연산 능력을 달성해 세계 최강의 슈퍼컴퓨터가 될 것이라고 자신하고 있다.



테슬라 주가 추이. 사진=야후파이낸스모건스탠리는 도조가 테슬라의 자율주행 로보택시 도입을 가속하고, 향후 자율주행(FSD) 관련 소프트웨어와 하드웨어를 다른 기업에 판매할 수 있다고 전망했다.모건스탠리는 ""투자자들은 테슬라가 자동차 제조사인 기술 회사인지 오랫동안 논쟁해왔다""며 ""우리는 둘 다 맞다고 믿고 있지만, 테슬라의 가치를 끌어올리는 가장 큰 동력은 소프트웨어와 서비스 수익이 될 것""이라고 적었다.한편 이날 테슬라의 주가 폭등으로 다른 전기차 주가도 덩달아 올랐다. 이날 니콜라는 3.06%, 리비안은 1.34% 각각 상승했다. 반면 루시드는 가격 변동 없이 전날과 같은 5.84 달러로 장을 마감했다.
]",한국경제,https://imgnews.pstatic.net/image/015/2023/09/12/0004890577_001_20230912122210355.jpg?type=w800
2023-09-14 19:06:10,中 비야디의 폭풍질주… 테슬라 앞지를까,https://n.news.naver.com/mnews/article/023/0003787898?sid=101,"[
[WEEKLY BIZ][Cover Story] 전기차 업체 비야디의 경쟁력 집중 해부							WEEKLY BIZ 뉴스레터 구독하기 ☞ https://page.stibee.com/subscriptions/146096



그래픽=김의균										“그들의 차를 보셨나요?” 일론 머스크는 피식 웃음을 터뜨렸다. 2011년 블룸버그TV 인터뷰 도중 기자가 테슬라의 잠재적 경쟁자로 중국의 비야디(BYD)를 언급하자 이런 반응을 보였다. 경쟁 상대가 되지 못한다며 공개적으로 비웃은 것이다.12년이 지난 올해 머스크의 반응은 180도 달라졌다. 그는 지난 1월 실적 발표 때 가장 강력한 경쟁자를 꼽아 달라는 질문을 받고 “중국의 어떤 회사”라고 답했다. 이름을 지목하지는 않았지만, 다들 비야디를 지칭한 것으로 받아들였다. 과거에 비야디를 비웃은 것도 정정했다. 지난 5월 머스크는 X(옛 트위터)에 “(비야디를 비웃은 인터뷰는) 몇 년 전 일이다. 그들의 차는 요즘 매우 경쟁력 있다”고 했다.



 



X(옛 트위터)에서 '실리콘밸리 테슬라 차주모임'이 일론 머스크 테슬라 CEO의 12년 전 영상을 첨부하며 비야디에 대한 입장을 묻자(위), 지난 5월 일론 머스크는 ""그들의 차는 매우 경쟁력 있다""고 트윗을 올렸다(아래). /X 캡처										머스크가 괄목할 경쟁 상대로 인정한 것처럼 요즘 비야디는 폭풍 질주하며 세계 자동차 시장을 뒤흔들고 있다. 전례 드문 속도로 판매량이 늘고 있다. 2020년 41만대를 판매한 비야디는 2021년 73만대, 2022년 186만대를 팔았다. 올해는 상반기에만 125만대를 팔았다. 비야디의 올 상반기 매출(약 47조3700억원)은 이미 2021년 한 해 매출(약 39조3600억원)보다 많다.



그래픽=김현국										비야디가 빠른 속도로 치고 올라오면서 테슬라의 독무대였던 세계 전기차 업계가 테슬라와 비야디의 ‘투 톱(G2)’ 체제로 넘어가고 있다는 분석이 나온다. 글로벌 전기차 시장에서 비야디 점유율(플러그인하이드브리드 포함)은 2019년 9.1%에서 올 상반기 20.9%로 두 배 가까이로 뛴 반면, 테슬라는 같은 기간 14%에서 14.4%로 현상 유지 수준에 그쳤다. 비야디 매출은 2021년에는 테슬라의 55% 수준이었지만, 올 상반기에는 74% 수준이 됐다. 테슬라를 따라잡는 움직임에 가속도가 상당하다는 얘기다.물론 비야디는 아직 순수 전기차 매출 가운데 해외 비율이 10%에 그치는 사실상 내수 기업이며, 테슬라는 전 세계에 걸쳐 비야디가 범접하기 어려울 만큼 높은 브랜드 가치를 쌓았다. 시가총액으로는 테슬라(약 1143조원)가 비야디(약 127조원)의 9배에 달한다.



그래픽=김의균										이런 차이를 감안하더라도 비야디가 워낙 빠르게 부상하는 데다, 본격적으로 해외 시장 공략을 시작했기 때문에 앞으로 세계 자동차 업계를 뒤흔들 수 있다는 전망이 나온다. 비야디는 올해 상반기에 내연기관차와 전기차를 합친 전체 신차 판매량에서 세계 10위를 기록하며 ‘글로벌 톱10 메이커’에 진입했다. 2021년에는 20위 밖이었지만 지난해 16위로 올라섰고 올해도 껑충 뛰어 10위까지 올라선 것이다. 판매량으로만 보면 메르세데스 벤츠와 BMW를 제쳤다.월스트리트저널은 최근 비야디의 비약적인 성장을 분석하며 “’중국의 테슬라’가 세계를 향해 나온다”고 했다. 비야디가 어디까지 전진했는지, 그리고 어떤 경쟁력을 갖고 있는지 WEEKLY BIZ가 들여다봤다.판매량 글로벌 ‘톱10’ 진입



지난 5일 독일 뮌헨에서 ‘IAA모빌리티2023′에서 비야디 전시 공간을 보기 위해 몰린 사람들. /AFP 연합뉴스										지난 5일부터 닷새간 독일 뮌헨에서 열린 유럽 최대 모터쇼 ‘IAA모빌리티2023′에서는 단연 비야디에 관심이 집중됐다. 수백명의 각국 기자들이 비야디의 전시 공간을 찾았다. 6개 전기차 모델을 선보인 비야디의 전시 공간은 메르세데스 벤츠보다 배 이상 컸다. 마이클 슈 비야디 유럽 대표는 “자동차를 만든 지 20년밖에 안 됐지만 작년 186만대나 팔았다”고 자랑했다.비야디는 내연기관 차량을 뺀 신에너지 차량 판매량으로는 이미 세계 1위에 도달했다. 올해 2분기의 경우 비야디는 70만244대를 팔았고, 테슬라는 46만6140대를 판매했다. 판매량으로만 치면 테슬라가 비야디의 3분의 2라는 것이다. 작년 2분기와 비교해 판매량이 테슬라는 83% 증가했는데, 비야디는 95% 늘어나며 테슬라보다 빠른 속도로 성장했다.



지난 11일 중국 동부 타이창항 터미널에 선박에 선적하기 위해 쌓여있는 비야디 자동차들. /AFP연합뉴스										실적을 발판으로 비야디는 덩치를 키우고 있다. 비야디와 계열사 직원 수는 작년 기준 57만명인데 2020년과 비교해 2년 만에 2.5배로 늘었다. 테슬라(약 13만명)보다 4배 이상 많다. 연구시설 11곳에 있는 연구원만 7만명에 달한다. 비야디는 올해 3만명 넘는 신규 인력을 채용 예정이다. 기아자동차 직원 수가 약 3만5000명이라는 걸 감안하면 비야디는 무서운 속도로 인력을 빨아들이고 있다.



그래픽=김현국										비야디가 매출, 판매량, 직원 수 같은 외형만 커진 게 아니다. 이익은 더 빠른 속도로 늘고 있어 내실을 다지고 있다. 비야디 순이익은 2021년 5542억원이었는데, 올해는 상반기에만 3.6배로 뛴 1조9930억원을 기록했다. 올 하반기도 상반기 수준의 실적을 내면 산술적으로 2년 만에 순이익이 7.2배 증가하게 된다는 얘기다. 영업이익률은 올해 2분기 기준으로 비야디 18.7%, 테슬라 9.6%로 이미 비야디의 수익 구조가 더 탄탄하다.이런 판매량 통계는 플러그인하이브리드(PHEV)를 포함하기 때문에 PHEV를 생산하지 않는 테슬라에 불리하다. 그러나 순수 전기차만 보더라도 비야디가 테슬라를 넘어설 기세다. 올해 2분기 비야디의 순수 전기차 판매량은 35만2100대다. 이는 테슬라의 75% 수준이지만, 작년 2분기에 70%였던 것과 비교하면 빠른 속도로 격차가 줄어들고 있다. 올해부터 비야디가 월 10만대 이상의 순수 전기차를 팔기 시작한 만큼 PHEV를 빼고도 비야디가 가까운 미래에 판매량에서는 테슬라를 추월할 것이라는 전망이 나온다.전기차 시장에서는 비야디와 테슬라의 양강 구도가 굳어지는 것 아니냐는 분석이 있다. 글로벌 전기차 시장(PHEV 포함)에서 두 회사의 점유율을 합치면 2021년 23%에서 올 상반기 35%로 쏠림 현상이 두드러지고 있다. 같은 기간 상하이자동차(10.2%→7.5%), 폴크스바겐(11.2%→6.7%), 스텔란티스(5.4%→4.7%), 현대•기아차(5.4%→4.3%)의 입지는 모두 좁아졌다.배터리•모터•ECU 모두 자체 조달



그래픽=김현국										비야디는 다른 자동차 회사가 따라가기 쉽지 않은 경쟁력을 여럿 갖추고 있다. 먼저 저렴한 가격으로 전기차 대중화 시류를 탔다. 지난 6월 비야디는 소형 SUV 위안프로를 약 1800만원에 내놓으며 ‘전기차 1000만원대’ 시대를 열었다. 테슬라 엔트리 차종인 모델3를 중국에서 사려면 4700만원 줘야 하는 것과 비교해 훨씬 싸다. 모델3와 사양이 비슷해 ‘테슬라 킬러’로 불리는 비야디의 세단 (Seal)은 모델3보다 최대 30% 저렴하다. 비야디가 저렴하면서도 품질이 점점 향상되고 있어 이른바 ‘가성비’를 누릴 수 있다는 호평이 늘고 있다.



'테슬라 킬러'로 불리는 비야디의 전기 세단 씰(Seal). /뉴스1 



테슬라 모델3. /AFP연합뉴스										비야디는 수직 계열화로 안정적인 부품 공급 체계를 갖췄다. 전기차의 3대 핵심기술이라고 불리는 배터리, 모터, 전자제어장치(ECU)를 모두 자체 조달하는 자동차 메이커는 비야디가 유일하다. 창업자 왕촨푸(王傳福) 회장은 내부 연구인력이 직접 개발한 제품만 생산•판매한다는 전략을 쓰고 있다. 배터리를 비롯해 부품까지 자체 제작을 할 수 있어야 외부 환경으로 인한 타격을 덜 받는다고 믿기 때문이다.비야디는 배터리 업체로 출발했다. 비야디의 성장 속도가 가팔라진 데는 자체 제작 배터리 성능이 크게 개선된 것이 한몫했다. 비야디의 주력인 리튬인산철(LFP) 배터리는 저렴하지만 에너지 효율이 떨어져 주행거리가 짧다는 약점이 있었다. 비야디는 이를 2020년 ‘블레이드 방식의 배터리’라는 신기술로 해결했다. 칼날처럼 얇은 배터리셀을 촘촘하게 박아 같은 부피에 더 많은 배터리셀을 넣어 주행거리를 늘렸다. 지난해엔 배터리가 바로 차체 바닥이 되는 셀투바디(CTB)를 적용한 모델을 내놓았다. 작년부터는 테슬라도 비야디의 배터리를 공급받아 유럽의 저가형 트림에 장착하기 시작했다. 테슬라도 비야디 배터리의 성능을 인정한다는 의미다.



비야디의 블레이드 배터리. 칼날처럼 얇은 배터리셀을 촘촘하게 박아 같은 부피에 더 많은 배터리셀을 넣어 주행거리를 늘렸다. /비야디										과감하고 빠른 의사 결정도 돋보인다. 작년 3월 비야디는 세계 최초로 내연기관차 생산을 중단한다고 선언했다. 2021년에 비야디의 가솔린 차량은 14만대가 팔리며 전체 사업의 20% 가까이 차지했는데, 전기차 시대로의 빠른 전환을 위해 과감히 포기했다.배터리 연구원 출신 CEO 왕촨푸							비야디의 급성장과 맞물려 창업자 왕촨푸 회장에 대한 관심도 커지고 있다. 왕 회장은 머스크와 달리 실적 발표 같은 공식 행사에만 최소한으로 얼굴을 내보이고 있다.



그래픽=김현국										올해 57세인 왕 회장은 안후이성의 가난한 농가에서 8남매 중 일곱째로 태어났다. 학창 시절 조실부모한 그는 주변의 도움을 받아 후난성에 있는 중난대 야금물리화학과를 나와 1990년 베이징유색금속연구원에서 석사 학위를 받았다. 이후 배터리 분야 연구원으로 일하다 1995년 사촌 형으로부터 250만위안(약 4억5500만원)을 빌려 휴대전화용 배터리 제조사 비야디를 창업했다.선전시의 낡은 차고에서 직원 20명과 함께 시작한 왕 회장은 밤낮없이 일했다. 딸이 태어났을 때 일에 몰두하느라 며칠 후 집에 들어갔다는 일화가 유명하다. 비야디는 창업 2년 만에 매출 1억 위안을 넘기는 중견 기업으로 성장했고, 창업 3년 만인 1998년에는 세계 니켈 카드뮴 배터리 시장의 40%를 차지했다. ‘배터리왕’으로 불린 왕 회장은 2003년 시안친촨자동차를 인수해 전격적으로 자동차 사업에 진출했다.



비야디의 왕촨푸(왼쪽) 회장이 투자자인 미국의 워런 버핏 버크셔 해서웨이 회장과 미국에서 만나 기념품을 주고 받고 있다. 워런 버핏의 투자 이후 비야디는 폭풍 성장했다. /중국 남방망(南方網)										왕 회장은 전기차 시대가 온다는 믿음을 갖고 있었고, 2009년부터 중국 정부가 전기차 보조금을 풀며 정책적으로 밀어주자 거대한 내수시장을 발판으로 거침 없이 성장했다. 블룸버그 뉴에너지파이낸스(BNEF)는 올해 글로벌 전기차 판매량(1360만대)의 58%가 중국에서 팔릴 것으로 보고 있다. 중국에서는 신차 판매 3대 중 1대가 전기차다. 전기차 비율이 10% 내외인 미국, 유럽, 한국에 비해 크게 앞선다. 올 들어 7월까지 중국 내 전기차 판매량은 무려 433만대에 달하는데, 그중 35%가 비야디다. 왕 회장은 올해 블룸버그 집계로 재산 약 25조원을 보유한 세계 92위 부자다.왕 회장은 품질과 기술에 집착하는 성향으로 알려져 있다. 그는 “기술자들이 자본이다”고 입버릇처럼 말한다. 해외 인재 영입에도 욕심이 많다. 유럽 자동차업계 출신 인력들이 비야디의 연구개발을 이끄는 것으로 알려져 있다. 왕 회장은 ‘비야디는 싸긴 한데 못생겼다’는 혹평에서 벗어나기 위해 2016년 아우디 수석 디자이너 출신 볼프강 예거를 영입했다. 예거는 ‘드래건 페이스’라고 불리는 비야디의 전면 디자인을 선보였고, 예거가 합류한 이후 비야디는 ‘디자인 경영’을 한다는 평가도 받고 있다.테슬라 아성 무너뜨릴 수 있을까



그래픽=김현국										비야디는 아직은 내수형 기업에서 벗어나지 못하고 있다. 그래서 올해 중국 정부가 전기차 보조금 정책을 중단한 것을 계기로 본격적으로 해외 진출에 시동을 걸고 있다. 동남아에서는 태국과 베트남에 생산 공장 설립을 추진하고 있고, 남미에서도 브라질에 공장을 세워 교두보로 삼을 계획을 하고 있다. 인도에서는 2030년까지 점유율 40%를 달성하겠다는 목표를 세웠다. 동남아에서는 이미 비야디 바람이 불고 있다. 일본 주간지 닛케이 비즈니스는 “비야디가 홈그라운드 중국을 뛰어넘어 세계를 석권하기 시작했다”며 “반세기 넘게 일본 업체들이 가솔린차 생산 체계를 구축해온 동남아 지역에서 비야디의 인기가 높아지고 있다”며 위기감을 표시했다.



메르세데스 벤츠는 중국 1위 전기차 회사인 비야디(BYD)와 함께 덴자(Denza)라는 고급 브랜드를 선보였다.										전문가들은 중국 밖 시장을 뚫기 위한 노력이 성공할 수 있을지 여부에 비야디의 미래가 달려 있다고 말한다. 테슬라를 넘어설 수 있을지 여부도 해외 시장에서의 성패에 달려 있다. 비야디는 우선 유럽 시장을 겨냥한다. 전기차 시장이 중국 다음으로 유럽이 큰 데다, 유럽에서는 전체 자동차에서 중국산 비율이 8%에 그치고 있어 판매를 확대할 여지가 크다고 판단하고 있다. 이달 초 IAA모빌리티쇼에서 비야디는 메르세데스 벤츠와 합작한 고급 브랜드 ‘덴자’의 승합차 D9을 선보였다. 테슬라 모델Y를 겨냥한 브랜드 덴자의 가격대는 5000만~7000만원 선이다.비야디는 미국 시장 진출도 노리고 있는 것으로 관측된다. 영국의 이코노미스트는 “미국은 비야디가 아직 판매를 개시하지 않은 미지의 영역이지만 결국은 진출하게 될 것”이라며 “미국 자동차 업체들이 중국 판매에 크게 의존하고 있기 때문에 미국도 (비야디에) 시장을 열지 않을 수 없을 것”이라고 했다. 이호중 한국자동차연구원 미래모빌리티사업단장은 “테슬라와 비야디 양강 체제는 향후 3년은 갈 것”이라면서도 “브랜드 가치가 더 높은 테슬라가 여전히 판매량을 늘려나가고 있기 때문에 비야디가 세계 시장에서 가성비만으로 승부하는 건 어느 순간 한계에 부딪힐 것”이라고 말했다.



그래픽=김의균										WEEKLY BIZ 뉴스레터 구독하기 ☞ https://page.stibee.com/subscriptions/146096
]",조선일보,https://imgnews.pstatic.net/image/023/2023/09/14/0003787898_001_20230916144503794.jpg?type=w800
2023-09-15 06:40:54,아이폰 다음엔 테슬라 금지?…중국 곳곳서 ‘다툼’,https://n.news.naver.com/mnews/article/056/0011566640?sid=104,"[














[앵커] 최근 중국 공공기관을 비롯해 일반 장소에서까지 테슬라 차량 진입을 막으면서 곳곳에서 다툼이 벌어지고  있습니다. 최근에는 공무원에 대한 아이폰 금지령이 내려졌다는 외신 보도도 있었는데요. 왜 이런 일이 벌어지는지  베이징 김효신 특파원이 취재했습니다. [리포트] 중국의 한 국영기업체입니다. 주차장 출입구에 큼지막한 간판이 붙어있습니다. 자세히 보니 '테슬라 출입 금지' 라고 적혀 있습니다.    [주차 직원 : ""(언제부터 이런 내용이 여기에 붙어  있었나요?) 저도 잘 모르겠어요.""]테슬라에는 이상 움직임 감지 시 자동 녹화 기능이 있어서, 공공 기관의 정보가 유출될 수 있다는 겁니다. 공공기관 주변에는 진입하지 못한 테슬라 차량을 쉽게 찾아볼 수 있습니다.  최근에는 공공기관뿐 아니라  일반적인 장소에서도 테슬라 차량 진입을 막으면서  곳곳에서 다툼이  끊이지 않고 있습니다. 전기차 충전소에서는 경찰 3명이 테슬라 차주를 둘러싸고  충전을 못 하게 막으면서 차주가 항의하는 소동이 벌어졌습니다.    [테슬라 차주 : ""여기는 모든 국민이 사용할 수 있는 곳인데, 내가 왜 여기서 충전할 수 없는 것인지 말해보세요.""] 이달 초 항저우에서는 고위 인사 차량이 지나간다는 이유로 테슬라 차량의 고가도로 진입을  막기도 했습니다. 비판 여론이 거세지자 공안 당국은 그런 일이 없었다며 해명하기도 했습니다. 중국 SNS에는 베이징 소재 국영기업에서 테슬라와 아이폰 사용을 금지했다는  체험담이 속속 올라오고 있습니다. 중국 외교부는 외국 상품 구매를 금지한 적이 없다면서도 보안 문제를 지적했습니다.    [마오닝/중국 외교부 대변인 : ""최근 아이폰 보안 문제에 대한 많은 언론 보도를 알고 있습니다.  중국 정부는 사이버 및 정보보안을  매우 중요하게 생각합니다.""] 중국이 올 들어 보안 관련 법을 개정하면서 정부 기관과 국영 기업에 중국산 제품 사용을 촉구한 이후 최근 보안 단속 움직임이 더욱 강화된 것으로 보입니다. 베이징에서 KBS 뉴스 김효신입니다. 촬영기자:이창준/영상편집:이웅/그래픽:안재우/자료조사:조영은■ 제보하기▷ 전화 : 02-781-1234, 4444▷ 이메일 : kbs1234@kbs.co.kr▷ 카카오톡 : 'KBS제보' 검색, 채널 추가▷ 네이버, 유튜브에서 KBS뉴스를 구독해주세요!
]",KBS,https://imgnews.pstatic.net/image/056/2023/09/15/0011566640_001_20230915085340095.jpg?type=w800
2023-09-14 16:01:01,포르쉐·테슬라 안 부럽다...세계 최고 기술로 완성된 ‘현대 아이오닉 5 N’,https://n.news.naver.com/mnews/article/243/0000050206?sid=103,"[
전기차로 힘들었던 주행 성능 및 내구 성능 동시 충족4세대 배터리 셀·N 레이스 등으로 트랙 주행 성능 강화



현대차는 14일 서울 마포구 소재 레이어 11에서 아이오닉 5 N 테크 데이를 개최했다. [사진 이지완 기자][이코노미스트 이지완 기자] 현대자동차가 전기차는 트랙(서킷) 주행에 부적합하다는 편견을 깼다. N 브랜드 최초의 고성능 전기차 아이오닉 5 N을 통해서다. 이 모델에 적용된 다양한 특화 기술이 이를 가능하게 했다.현대차는 14일 서울 마포구에 위치한 레이어 11에서 ‘아이오닉 5 N 테크 데이’(IONIQ 5 N Tech Day)를 개최했다. N 브랜드 최초의 고성능 전기차 아이오닉 5 N에 적용된 전동화 기술의 우수성을 알리고, 운전의 재미를 더하는 다양한 특화 사양을 상세히 소개하기 위함이다.현대차의 아이오닉 5 N은 순간적인 가속 성능과 서킷 주행이 가능한 내구 성능을 동시에 충족시킨 고성능 전기차다. 혁신적인 배터리 열 관리 시스템, 강력한 회생제동 기반의 안정적인 제동 시스템 등 당사 첨단 기술력을 집약해 주행 성능을 세계 최고 수준으로 끌어올린 모델이라는 게 현대차 측 설명이다.전∙후륜 합산 478kW(650마력, 이하 N 그린 부스트 사용 기준)의 최고 출력과 770Nm(78.5kgf·m)의 최대 토크를 내뿜는 고성능 모터 시스템 그리고 84.0kWh의 고출력 배터리가 아이오닉 5 N에 탑재됐다. 여기에 고성능 전기차 N 전용 특화 사양 적용으로 주행 성능과 감성을 한층 더 강화했다.이날 현대차는 브랜드가 추구하는 3대 핵심 요소인 ▲레이스 트랙 주행능력(Racetrack Capability) ▲곡선로 주행능력(Corner Rascal) ▲일상의 스포츠카(Everyday Sportscar)를 바탕으로 아이오닉 5 N에 적용된 핵심 기술들의 원리와 효과, 작동 방식 등을 소개했다.



아이오닉 5 N 뉘르부르크링 테스트 모습. 서킷 두 바퀴 주행 후 배터리 온도가 46도로 나타났다. [사진 현대자동차]먼저 트랙(서킷) 주행을 위한 ▲4세대 고전압 배터리 셀(하이니켈 NCM, 에너지밀도 8.4% 향상) 및 시스템(OTA, 실시간 안전 진단, 열폭주 지연 강화 설계) ▲N 배터리 프리컨디셔닝(배터리 온도 최적화로 최적의 주행 조건 구현) ▲N 레이스(주행 목적에 맞는 최적의 성능 제공) ▲N 브레이크 리젠(최대 0.6G 고감속 영역까지 에너지 회수 가능한 회생제동) 등을 설명했다.이어 날카로운 코너링을 가능하게 하는 ▲N 특화 차체∙샤시(전·후륜 횡 강성 15%, 16% 향상) ▲N 페달(기존 I-페달보다 강력한 회생제동) 등 압도적인 주행 성능을 완성하는 다양한 기술들도 함께 선보였다.또한 N e-쉬프트(모터 제어로 DCT 변속기의 변속감 재현)와 N 액티브 사운드 플러스(고성능 내연차 배기음 등 제공) 등 일상 속에서도 스포츠카의 감성을 느낄 수 있는 전용 특화 사양에 대해 설명했다.현대차는 현장에서 독일 뉘르부르크링 서킷 주행 테스트 영상을 공개하며 아이오닉 5 N의 뛰어난 주행 성능을 완성하기 위한 혹독한 시험 과정도 공개했다. 영상 속 아이오닉 5 N은 최고 속도 260km/h를 넘나들며 거침없는 서킷 주행 후에도 적정 수준의 배터리 온도를 유지했다.공개 영상 속 아이오닉 5 N의 배터리 온도는 1랩(거리 20km) 완주 후 33도로 나타났다. 출발 전 온도(18도)와 비교해 큰 차이가 없었다. 2랩 완주 후에는 46도까지 상승했지만 50도 이하를 유지하며 준수한 배터리 열 관리 능력을 보여줬다.



현대차 N브랜드매니지먼트실 박준우 상무. [사진 이지완 기자]현대차 N브랜드매니지먼트실장 박준우 상무는 “N 브랜드 최초의 고성능 전기차인 아이오닉 5 N의 개발 과정은 N 브랜드의 미래 방향성을 정의하는 대담한 도전이자 새로운 기준의 발견이었다”며 “현대차가 보유한 첨단 기술과 모터스포츠 경험을 바탕으로 전동화 시대에도 운전을 사랑하는 고객에게 가장 감성적인 고성능 운전 경험을 제공할 것”이라고 말했다.현대차는 2012년 월드랠리챔피언십(WRC) 도전 의사를 밝힌 이후 지금까지 수많은 모터스포츠 경기에 참가하며 경험을 쌓고, 이를 바탕으로 고성능 차량용 서스펜션, 브레이킹 시스템 등 우수한 기술들을 개발했다.또한 2015년 고성능 브랜드 N을 출범시키며 모터스포츠 기반 기술들을 탑재한 고성능 차량을 출시해 고객에게 운전의 즐거움을 선사하고, 일반 차량에도 고성능 차량용 기술을 확대 적용해 현대차 전체의 기술 경쟁력을 끌어올려 왔다.현대차는 아이오닉 5 N을 시작으로 전동화 시대에도 변치 않는 운전의 즐거움과 주행 감성을 고객에게 계속 제공하고, 끊임없는 전동화 기술 개발을 통해 전기차 시장에서 리더십 포지션을 확고히 할 계획이다.박준우 상무는 “N은 상상과 용기를 기반으로 한 끊임없는 도전을 의미한다”며 “N은 현대차 기술 발전의 선봉장 역할을 하고 있다”고 강조했다.
		]",이코노미스트,https://imgnews.pstatic.net/image/243/2023/09/14/0000050206_001_20230914194101290.jpg?type=w800
2023-09-16 06:51:18,"테슬라 0.60% 하락-니콜라 3.48% 급등, 전기차 혼조(상보)",https://n.news.naver.com/mnews/article/421/0007053863?sid=104,"[




테슬라 일일 주가추이 - 야후 파이낸스 갈무리(서울=뉴스1) 박형기 기자 = 미국증시가 기술주 매도세로 일제히 하락했으나 미국의 전기차는 혼조세를 보이는 등 비교적 선방했다.15일(현지시간) 뉴욕증시에서 테슬라는 0.60%, 루시드는 1.50% 하락한 데 비해 니콜라는 3.48%, 리비안은 0.29% 각각 상승했다.이날 미국증시는 기술주 매도세가 출현하여 일제히 하락했다. 다우가 0.83%, S&amp;P500이 1.22%, 나스닥이 1.56% 각각 하락했다. 나스닥의 낙폭이 컸다.대형 기술주와 반도체주가 일제히 급락했다. 생성형 인공지능(AI) 최대 수혜주인 엔비디아가 3.69%, ‘제2의 엔비디아’로 불리는 AMD가 4.82% 급락했다. 이에 따라 반도체 모임인 필라델피아반도체지수가 3.01% 급락했다.그럼에도 테슬라는 0.60% 하락에 그치며 비교적 선방했다. 테슬라는 이날 전거래일보다 0.60% 하락한 274.39달러를 기록했다.루시드도 전거래일보다 1.50% 하락한 5.92 달러로 장을 마감했다. 그러나 '테슬라의 대항마'로 불리는 리비안은 0.29% 상승한 24.18달러를, 니콜라는 3.48% 급등한 1.19달러를 기록했다.



니콜라 일일 주가추이 - 야후 파이낸스 갈무리전일에도 니콜라는 최고경영자(CEO)가 투자자들과 대화를 갖고 곧 수소전지 트럭을 출시할 수 있을 것이라고 밝히자 주가가 32% 이상 폭등했었다.
		]",뉴스1,https://imgnews.pstatic.net/image/421/2023/09/16/0007053863_001_20230916065212766.jpg?type=w800
2023-09-16 14:39:01,테슬라 키운 중국의 속셈과 아이폰의 위험한 전철 [視리즈],https://n.news.naver.com/mnews/article/665/0000001642?sid=101,"[
[視리즈] 돌연변이 테슬라 5편中, 테슬라와 끈끈한 파트너십자국 자동차 산업 육성에 성공 하지만 파트너십 균열 조짐  애플 제재하고 나선 중국 정부 테슬라와 중국 속내 무엇인가# 중국 정부가 '아이폰 사용 금지령'으로 애플을 제재하고 나서면서 G2(미국·중국) 갈등이 격화하고 있다. 이 때문에 국제사회에서 중국은 '사업하기 어려운 국가'란 인식이 고착화하고 있다.# 한가지 흥미로운 건 해외 기업을 향해 세운 중국의 만리장성을 넘은 기업이 있다는 사실이다. 전기차 메이커 테슬라가 주인공이다. 테슬라와 파트너십을 통해 중국 정부는 어떤 결과를 얻었을까. 視리즈 '돌연변이 테슬라' 5편이다.



테슬라가 상하이에 기가팩토리를 설립하는 과정에서 중국 정부는 상당한 혜택을 제공했다.[사진=테슬라 제공]규제 해제, 법인세 감면, 초고속 건설 허가…. 중국 정부가 미국의 전기차 메이커 테슬라를 위해 제공한 파격적인 혜택이다. 덕분에 2014년 중국 시장에 진출한 후 부진한 성적을 면치 못했던 테슬라는 반등의 계기를 마련하는 데 성공했다. 테슬라는 2018년 본격화한 중국 정부의 지원책을 발판 삼아 현지 전기차 공급망을 탄탄하게 구축했다. 그 결과, 테슬라의 중국 매출은 2019년 29억8000만 달러(약 3조9530억원)에서 2022년 181억5000만 달러(약 24조760억원)로 509% 뛰었다. 언뜻 중국 정부가 테슬라에만 좋은 일을 한 것 같지만 그렇지만은 않다. 테슬라가 폭발적으로 성장하는 동안 중국의 자동차 시장 규모도 몰라 보게 커졌다. 2018년 126만대였던 중국의 신에너지차 판매량은 2022년 5.5배 증가한 689만대를 기록했다. 이뿐만이 아니다. 테슬라의 중국 생산기지인 상하이 기가팩토리의 부품 국산화율은 2022년 95%까지 올라왔다. 그만큼 현지 부품업체들의 경쟁력이 높아졌단 방증이다.내연기관차 시대에는 명함을 내놓지 못했던 중국 자동차 기업들은 테슬라의 등장과 함께 체질을 바꾸면서 전기차 시장의 선두기업으로 올라섰다. 중국의 대표적인 전기차 업체 BYD는 지난해 2분기에만 35만대가 넘는 전기차를 판매하며 테슬라의 '세계 1위' 자리를 빼앗았다.  더 놀라운 건 중국 정부가 테슬라를 위해 펼친 붉은 카펫이 자동차 산업을 넘어 지역경제가 성장하는 '나침반' 역할을 톡톡히 했다는 점이다. 지난 5월 중국 언론 신화일보는 '테슬라 타운 진입(走进 ""特斯拉小镇"")'이란 제목의 흥미로운 보고서를 냈다. 이 보고서는 상하이 남동쪽의 외딴 마을이었던 니청泥城에 테슬라 기가팩토리가 생긴 후 일어난 드라마틱한 변화를 다뤘다. 보고서의 내용을 살펴보자. 니청은 한때 '레드머드 시티(Red Mud City)'란 이름으로 불렸다. 200년 전 갯벌 매립을 위해 도시형 간척지를 건설하면서 붙은 별칭이었다. 이곳의 경제는 오랫동안 발전하지 못했고, 교통은 불편했다. 젊은이들은 일자리를 찾기 위해 고향을 떠났고, 마을은 침체에 빠졌다.



상하이의 외딴 마을 니청은 '테슬라 타운'으로 변신하며 엄청난 경제적 발전을 이뤘다.[사진=트립어드바이저 홈페이지]



2019년 기가팩토리가 들어서면서 니청은 완전히 달라졌다. 기가팩토리를 중심으로 자동차 산업 클러스터가 만들어졌고, 니청에는 옌펑ㆍ신웨이ㆍ중웨이 등의 주요 부품사가 집결했다.기업과 근로자의 유입은 도시 기반 시설의 발전을 유인했다. 도로와 대중교통이 개선되고 학교와 병원, 호텔과 게스트하우스, 도서관과 공원이 들어섰다. 이제 니청에선 흙길을 달리는 자전거보다 고속도로에 즐비한 최신형 전기차가 더 익숙한 풍경이 됐다. 결코 관념적 변화가 아니다. '신에너지차'라는 고급제조업이 니청의 산업 환경을 변화시키면서 도시가 실질적으로 풍족해졌다. 올 상반기 니청의 세수는 21억6300만 위안(약 3920억원)으로 전년 동기 대비 114.6% 증가했다. 고정자산 투자액은 지난해 상반기보다 94.42% 증가한 127억 위안(약 2조3019억원)을 기록했다.같은 기간 산업생산액은 24.44% 늘어난 272억 위안(4조1153억원)이었는데, 급증한 생산은 지역의 고용을 늘리고 주민의 소득을 높이는 연쇄효과를 불러왔다. 놀랍게도 이는 니청의 농업에도 커다란 파급력을 미쳤다.머드 시티의 변신니청의 렌즈콩 생산전문협동조합을 이끄는 주민 왕홍강은 신화통신과의 인터뷰에서 ""산업 시스템이 점점 더 완벽해지면서 마을 주민들의 소비 능력이 나날이 증가하고 있다""면서 ""농산물 및 부업 제품의 수요도 늘어나면서 농업의 현대화를 더욱 촉진하고 있다""고 말했다. 여기에 발맞춰 니청 관청에서는 농업 산업화 컨소시엄, 지역공동 협력 사업 등의 지원책을 아끼지 않고 있다. 레드머드 시티에서 테슬라 타운으로 변신한 니청은 '산업과 도시 통합의 새로운 기준점'이란 새로운 슬로건을 내걸고 더 큰 성장을 꾀하고 있다. 중국의 인터넷 언론 소후는 니청을 덮친 거대한 변화의 물결을 한마디로 정리했다. ""하나의 산업이 흥하자, 모든 사업이 흥하다(一業興, 百業旺)."" 산업 경쟁력 제고, 자국 브랜드 육성, 지역경제 혁신… 중국 정부가 테슬라를 위해 레드카펫을 펼친 후 얻어낸 성과다. 어떤가. 이 정도면 성공적인 '윈윈'이라 해도 손색없지 않은가. 미국 시사매거진 디 애틀랜틱(The Atlantic)의 논평은 중국 정부와 테슬라의 파트너십을 명료하게 보여준다.""중국 정부가 테슬라를 환영한 건 따뜻한 미중 협력 정신 때문이 아니다. 머스크가 중국을 필요로 하는 만큼 중국도 머스크를 필요로 하기 때문에 머스크의 기업을 지원해온 거다(2022년 11월 4일자 기사·실제 중국에서 테슬라의 운전석에 앉아 있는 건 누구인가).""그러면서도 디 애틀랜틱은 상황에 따라선 중국이 테슬라에서 얼마든지 등을 돌릴 수 있다고 봤다. ""중국의 정책 입안자들은 미국과 마찬가지로 관계 악화로부터 자국 경제를 보호하려는 의지를 갖고 있다… 중국 규제 당국은 머스크가 국내에서 사업을 확장하는 데 필요한 라이센스나 승인을 지연하거나 거부함으로써, 현지 경쟁업체를 위해 테슬라를 쉽게 차별할 수 있다."" 



테슬라와 중국 정부의 공조에 균열의 싹이 트기 시작했다.[사진=게티이미지뱅크]자! 그럼 한번 따져보자. 지금까지 중국 정부와 테슬라는 우호적인 관계 속에서 상호 이익을 취해왔다. 하지만 그 밑단에는 다른 가능성도 존재한다. 중국은 자국 기업의 경쟁력이 수위로 올라왔다고 판단하고 테슬라를 위해 낮췄던 허들을 다시 높일 수 있다.그렇다면 테슬라 역시 고립무원이 될지도 모를 중국 시장의 리스크에 대비해야 한다. 실제로 최근 중국 정부가 공공기관과 국영기업의 주차장에 테슬라 차가 진입하는 걸 막고 있다는 소식도 새어 나오고 있다. 중국 정부와 테슬라, 두 이해당사자는 지금 어떤 생각을 품고 있을까. 헤어질 결심을 하고 있을까, 서로를 더 꼭 붙잡아두려 할까. &lt;다음 편에서 계속&gt;윤정희 더스쿠프 기자heartbring@thescoop.co.kr
]",더스쿠프,https://imgnews.pstatic.net/image/665/2023/09/16/0000001642_001_20230916143901577.jpg?type=w800
